-- MySQL Administrator dump 1.4
--
-- ------------------------------------------------------
-- Server version	5.1.49-1ubuntu8.1


/*!40101 SET @OLD_CHARACTER_SET_CLIENT=@@CHARACTER_SET_CLIENT */;
/*!40101 SET @OLD_CHARACTER_SET_RESULTS=@@CHARACTER_SET_RESULTS */;
/*!40101 SET @OLD_COLLATION_CONNECTION=@@COLLATION_CONNECTION */;
/*!40101 SET NAMES utf8 */;

/*!40014 SET @OLD_UNIQUE_CHECKS=@@UNIQUE_CHECKS, UNIQUE_CHECKS=0 */;
/*!40014 SET @OLD_FOREIGN_KEY_CHECKS=@@FOREIGN_KEY_CHECKS, FOREIGN_KEY_CHECKS=0 */;
/*!40101 SET @OLD_SQL_MODE=@@SQL_MODE, SQL_MODE='NO_AUTO_VALUE_ON_ZERO' */;


--
-- Create schema satdevic_satdevice
--

CREATE DATABASE IF NOT EXISTS satdevic_satdevice;
USE satdevic_satdevice;

--
-- Definition of table `CATALOG_BRANDS`
--

DROP TABLE IF EXISTS `CATALOG_BRANDS`;
CREATE TABLE `CATALOG_BRANDS` (
  `BRANDS_ID` int(10) unsigned NOT NULL AUTO_INCREMENT,
  `BRANDS_ALIAS` char(30) NOT NULL,
  `BRANDS_TITLE` varchar(50) NOT NULL,
  `BRANDS_URL` varchar(255) DEFAULT NULL,
  PRIMARY KEY (`BRANDS_ID`),
  UNIQUE KEY `BRANDS_ALIAS` (`BRANDS_ALIAS`)
) ENGINE=InnoDB DEFAULT CHARSET=utf8;


--
-- Definition of table `CATALOG_CATEGORIES`
--

DROP TABLE IF EXISTS `CATALOG_CATEGORIES`;
CREATE TABLE `CATALOG_CATEGORIES` (
  `CATEGORIES_ID` int(10) unsigned NOT NULL AUTO_INCREMENT,
  `CATEGORIES_LEFT` int(10) unsigned NOT NULL,
  `CATEGORIES_RIGHT` int(10) unsigned NOT NULL,
  `CATEGORIES_LEVEL` int(10) unsigned NOT NULL DEFAULT '0',
  `CATEGORIES_PARENTID` int(10) unsigned NOT NULL,
  `CATEGORIES_TITLE` varchar(60) NOT NULL DEFAULT '',
  `CATEGORIES_ALIAS` varchar(60) NOT NULL DEFAULT '',
  PRIMARY KEY (`CATEGORIES_ID`),
  KEY `tree_key` (`CATEGORIES_LEFT`,`CATEGORIES_RIGHT`,`CATEGORIES_LEVEL`)
) ENGINE=InnoDB DEFAULT CHARSET=utf8;


--
-- Definition of table `CATALOG_CATEGORYGROUPS`
--

DROP TABLE IF EXISTS `CATALOG_CATEGORYGROUPS`;
CREATE TABLE `CATALOG_CATEGORYGROUPS` (
  `CATEGORYGROUPS_ID` int(10) unsigned NOT NULL AUTO_INCREMENT,
  `CATEGORYGROUPS_CATEGORYID` int(10) unsigned NOT NULL,
  `CATEGORYGROUPS_GROUPID` int(10) unsigned NOT NULL,
  `CATEGORYGROUPS_SORTORDER` int(10) unsigned NOT NULL DEFAULT '0',
  PRIMARY KEY (`CATEGORYGROUPS_ID`),
  UNIQUE KEY `CATEGORY_GROUP` (`CATEGORYGROUPS_CATEGORYID`,`CATEGORYGROUPS_GROUPID`),
  KEY `CATEGORYGROUPS_GROUPID` (`CATEGORYGROUPS_GROUPID`),
  CONSTRAINT `CATALOG_CATEGORYGROUPS_ibfk_1` FOREIGN KEY (`CATEGORYGROUPS_CATEGORYID`) REFERENCES `CATALOG_CATEGORIES` (`CATEGORIES_ID`) ON DELETE CASCADE ON UPDATE CASCADE,
  CONSTRAINT `CATALOG_CATEGORYGROUPS_ibfk_2` FOREIGN KEY (`CATEGORYGROUPS_GROUPID`) REFERENCES `CATALOG_FIELDGROUPS` (`FIELDGROUPS_ID`) ON DELETE CASCADE ON UPDATE CASCADE
) ENGINE=InnoDB DEFAULT CHARSET=utf8;


--
-- Definition of table `CATALOG_FIELDGROUPS`
--

DROP TABLE IF EXISTS `CATALOG_FIELDGROUPS`;
CREATE TABLE `CATALOG_FIELDGROUPS` (
  `FIELDGROUPS_ID` int(10) unsigned NOT NULL AUTO_INCREMENT,
  `FIELDGROUPS_ALIAS` varchar(50) NOT NULL DEFAULT '',
  `FIELDGROUPS_TITLE` varchar(50) NOT NULL DEFAULT '',
  PRIMARY KEY (`FIELDGROUPS_ID`)
) ENGINE=InnoDB DEFAULT CHARSET=utf8;


--
-- Definition of table `CATALOG_FIELDS`
--

DROP TABLE IF EXISTS `CATALOG_FIELDS`;
CREATE TABLE `CATALOG_FIELDS` (
  `FIELDS_ID` int(10) unsigned NOT NULL AUTO_INCREMENT,
  `FIELDS_ALIAS` char(50) NOT NULL DEFAULT '',
  `FIELDS_TITLE` char(100) NOT NULL DEFAULT '',
  `FIELDS_FIELDTYPE` tinyint(3) unsigned NOT NULL DEFAULT '1',
  PRIMARY KEY (`FIELDS_ID`)
) ENGINE=InnoDB DEFAULT CHARSET=utf8;


--
-- Definition of table `CATALOG_FIELDSVALUES`
--

DROP TABLE IF EXISTS `CATALOG_FIELDSVALUES`;
CREATE TABLE `CATALOG_FIELDSVALUES` (
  `FIELDSVALUES_ID` int(10) unsigned NOT NULL AUTO_INCREMENT,
  `FIELDSVALUES_FIELDID` int(10) unsigned NOT NULL,
  `FIELDSVALUES_VALUE` varchar(255) NOT NULL DEFAULT '',
  PRIMARY KEY (`FIELDSVALUES_ID`),
  UNIQUE KEY `FIELD_VALUE` (`FIELDSVALUES_FIELDID`,`FIELDSVALUES_VALUE`),
  CONSTRAINT `CATALOG_FIELDSVALUES_ibfk_1` FOREIGN KEY (`FIELDSVALUES_FIELDID`) REFERENCES `CATALOG_FIELDS` (`FIELDS_ID`) ON DELETE CASCADE ON UPDATE CASCADE
) ENGINE=InnoDB DEFAULT CHARSET=utf8;


--
-- Definition of table `CATALOG_GROUPFIELDS`
--

DROP TABLE IF EXISTS `CATALOG_GROUPFIELDS`;
CREATE TABLE `CATALOG_GROUPFIELDS` (
  `GROUPFIELDS_ID` int(10) unsigned NOT NULL AUTO_INCREMENT,
  `GROUPFIELDS_CATEGORYGROUPID` int(10) unsigned NOT NULL,
  `GROUPFIELDS_FIELDID` int(10) unsigned NOT NULL,
  `GROUPFIELDS_SORTORDER` int(10) unsigned NOT NULL DEFAULT '0',
  `GROUPFIELDS_INFILTER` tinyint(1) unsigned NOT NULL DEFAULT '0',
  PRIMARY KEY (`GROUPFIELDS_ID`),
  UNIQUE KEY `GROUP_FIELD` (`GROUPFIELDS_CATEGORYGROUPID`,`GROUPFIELDS_FIELDID`),
  KEY `GROUPFIELDS_FIELDID` (`GROUPFIELDS_FIELDID`),
  CONSTRAINT `CATALOG_GROUPFIELDS_ibfk_1` FOREIGN KEY (`GROUPFIELDS_CATEGORYGROUPID`) REFERENCES `CATALOG_CATEGORYGROUPS` (`CATEGORYGROUPS_ID`) ON DELETE CASCADE ON UPDATE CASCADE,
  CONSTRAINT `CATALOG_GROUPFIELDS_ibfk_2` FOREIGN KEY (`GROUPFIELDS_FIELDID`) REFERENCES `CATALOG_FIELDS` (`FIELDS_ID`) ON DELETE CASCADE ON UPDATE CASCADE
) ENGINE=InnoDB DEFAULT CHARSET=utf8;


--
-- Definition of table `CATALOG_PHOTOS`
--

DROP TABLE IF EXISTS `CATALOG_PHOTOS`;
CREATE TABLE `CATALOG_PHOTOS` (
  `PHOTOS_ID` int(10) unsigned NOT NULL AUTO_INCREMENT,
  `PHOTOS_PRODUCTID` int(10) unsigned NOT NULL,
  `PHOTOS_ISDEFAULT` tinyint(1) unsigned NOT NULL,
  `PHOTOS_FILE` varchar(255) NOT NULL DEFAULT '',
  PRIMARY KEY (`PHOTOS_ID`),
  KEY `PHOTOS_PRODUCTID` (`PHOTOS_PRODUCTID`),
  CONSTRAINT `CATALOG_PHOTOS_ibfk_1` FOREIGN KEY (`PHOTOS_PRODUCTID`) REFERENCES `CATALOG_PRODUCTS` (`PRODUCTS_ID`) ON DELETE CASCADE ON UPDATE CASCADE
) ENGINE=InnoDB DEFAULT CHARSET=utf8;


--
-- Definition of table `CATALOG_POSTS`
--

DROP TABLE IF EXISTS `CATALOG_POSTS`;
CREATE TABLE `CATALOG_POSTS` (
  `POST_ID` int(10) unsigned NOT NULL AUTO_INCREMENT,
  `POST_PRODUCTID` int(10) unsigned NOT NULL,
  `POST_POSTDATE` timestamp NOT NULL DEFAULT CURRENT_TIMESTAMP ON UPDATE CURRENT_TIMESTAMP,
  `POST_POST` varchar(255) NOT NULL DEFAULT '',
  `POST_AUTHOR` varchar(50) NOT NULL DEFAULT '',
  PRIMARY KEY (`POST_ID`),
  KEY `POST_PRODUCTID` (`POST_PRODUCTID`),
  CONSTRAINT `CATALOG_POSTS_ibfk_1` FOREIGN KEY (`POST_PRODUCTID`) REFERENCES `CATALOG_PRODUCTS` (`PRODUCTS_ID`) ON DELETE CASCADE ON UPDATE CASCADE
) ENGINE=InnoDB DEFAULT CHARSET=utf8;


--
-- Definition of table `CATALOG_PRODUCTCATEGORIES`
--

DROP TABLE IF EXISTS `CATALOG_PRODUCTCATEGORIES`;
CREATE TABLE `CATALOG_PRODUCTCATEGORIES` (
  `PRODUCTCATEGORIES_ID` int(10) unsigned NOT NULL AUTO_INCREMENT,
  `PRODUCTCATEGORIES_PRODUCTID` int(10) unsigned NOT NULL,
  `PRODUCTCATEGORIES_CATEGORYID` int(10) unsigned NOT NULL,
  `PRODUCTCATEGORIES_ISDEFAULT` tinyint(1) unsigned NOT NULL DEFAULT '0',
  PRIMARY KEY (`PRODUCTCATEGORIES_ID`),
  UNIQUE KEY `PRODUCT_CATEGORY` (`PRODUCTCATEGORIES_PRODUCTID`,`PRODUCTCATEGORIES_CATEGORYID`),
  KEY `PRODUCTCATEGORIES_PRODUCTID` (`PRODUCTCATEGORIES_PRODUCTID`),
  KEY `PRODUCTCATEGORIES_CATEGORYID` (`PRODUCTCATEGORIES_CATEGORYID`),
  CONSTRAINT `CATALOG_PRODUCTCATEGORIES_ibfk_1` FOREIGN KEY (`PRODUCTCATEGORIES_PRODUCTID`) REFERENCES `CATALOG_PRODUCTS` (`PRODUCTS_ID`) ON DELETE CASCADE ON UPDATE CASCADE,
  CONSTRAINT `CATALOG_PRODUCTCATEGORIES_ibfk_2` FOREIGN KEY (`PRODUCTCATEGORIES_CATEGORYID`) REFERENCES `CATALOG_CATEGORIES` (`CATEGORIES_ID`) ON DELETE CASCADE ON UPDATE CASCADE
) ENGINE=InnoDB DEFAULT CHARSET=utf8;


--
-- Definition of table `CATALOG_PRODUCTS`
--

DROP TABLE IF EXISTS `CATALOG_PRODUCTS`;
CREATE TABLE `CATALOG_PRODUCTS` (
  `PRODUCTS_ID` int(10) unsigned NOT NULL AUTO_INCREMENT,
  `PRODUCTS_BRANDID` int(10) unsigned DEFAULT NULL,
  `PRODUCTS_AUTHORID` int(10) unsigned NOT NULL,
  `PRODUCTS_ALIAS` char(50) NOT NULL,
  `PRODUCTS_TITLE` varchar(100) NOT NULL,
  `PRODUCTS_SHORTDESCR` text,
  `PRODUCTS_DATE` timestamp NOT NULL DEFAULT CURRENT_TIMESTAMP,
  `PRODUCTS_URL` text,
  `PRODUCTS_DRIVERSURL` text,
  PRIMARY KEY (`PRODUCTS_ID`),
  UNIQUE KEY `PRODUCTS_ALIAS` (`PRODUCTS_ALIAS`),
  KEY `PRODUCTS_BRANDID` (`PRODUCTS_BRANDID`),
  KEY `PRODUCTS_AUTHORID` (`PRODUCTS_AUTHORID`),
  CONSTRAINT `CATALOG_PRODUCTS_ibfk_1` FOREIGN KEY (`PRODUCTS_BRANDID`) REFERENCES `CATALOG_BRANDS` (`BRANDS_ID`) ON DELETE CASCADE ON UPDATE CASCADE,
  CONSTRAINT `CATALOG_PRODUCTS_ibfk_2` FOREIGN KEY (`PRODUCTS_AUTHORID`) REFERENCES `USERS` (`USERS_ID`) ON DELETE CASCADE ON UPDATE CASCADE
) ENGINE=InnoDB DEFAULT CHARSET=utf8;


--
-- Definition of table `CATALOG_PRODUCTVALUES`
--

DROP TABLE IF EXISTS `CATALOG_PRODUCTVALUES`;
CREATE TABLE `CATALOG_PRODUCTVALUES` (
  `PRODUCTVALUES_ID` int(10) unsigned NOT NULL AUTO_INCREMENT,
  `PRODUCTVALUES_PRODUCTID` int(10) unsigned NOT NULL,
  `PRODUCTVALUES_FIELDID` int(10) unsigned NOT NULL,
  `PRODUCTVALUES_VALUEID` int(10) unsigned NOT NULL,
  PRIMARY KEY (`PRODUCTVALUES_ID`),
  KEY `PRODUCTVALUES_PRODUCTID` (`PRODUCTVALUES_PRODUCTID`),
  KEY `PRODUCTVALUES_VALUEID` (`PRODUCTVALUES_VALUEID`),
  KEY `PRODUCTVALUES_FIELDID` (`PRODUCTVALUES_FIELDID`),
  CONSTRAINT `CATALOG_PRODUCTVALUES_ibfk_1` FOREIGN KEY (`PRODUCTVALUES_PRODUCTID`) REFERENCES `CATALOG_PRODUCTS` (`PRODUCTS_ID`) ON DELETE CASCADE ON UPDATE CASCADE,
  CONSTRAINT `CATALOG_PRODUCTVALUES_ibfk_2` FOREIGN KEY (`PRODUCTVALUES_VALUEID`) REFERENCES `CATALOG_FIELDSVALUES` (`FIELDSVALUES_ID`) ON DELETE CASCADE ON UPDATE CASCADE,
  CONSTRAINT `CATALOG_PRODUCTVALUES_ibfk_3` FOREIGN KEY (`PRODUCTVALUES_FIELDID`) REFERENCES `CATALOG_GROUPFIELDS` (`GROUPFIELDS_ID`) ON DELETE CASCADE ON UPDATE CASCADE
) ENGINE=InnoDB DEFAULT CHARSET=utf8;


--
-- Definition of table `CATALOG_RATES`
--

DROP TABLE IF EXISTS `CATALOG_RATES`;
CREATE TABLE `CATALOG_RATES` (
  `RATE_ID` int(10) unsigned NOT NULL AUTO_INCREMENT,
  `RATE_PRODUCTID` int(10) unsigned NOT NULL,
  `RATE_RATE` tinyint(3) unsigned NOT NULL DEFAULT '0',
  `RATE_RATEDATE` timestamp NOT NULL DEFAULT CURRENT_TIMESTAMP ON UPDATE CURRENT_TIMESTAMP,
  `RATE_IP` int(10) unsigned NOT NULL DEFAULT '0',
  PRIMARY KEY (`RATE_ID`),
  KEY `RATE_PRODUCTID` (`RATE_PRODUCTID`),
  CONSTRAINT `CATALOG_RATING_ibfk_1` FOREIGN KEY (`RATE_PRODUCTID`) REFERENCES `CATALOG_PRODUCTS` (`PRODUCTS_ID`) ON DELETE CASCADE ON UPDATE CASCADE
) ENGINE=InnoDB DEFAULT CHARSET=utf8;


--
-- Definition of table `CATALOG_RATINGS`
--

DROP TABLE IF EXISTS `CATALOG_RATINGS`;
CREATE TABLE `CATALOG_RATINGS` (
  `RATING_ID` int(10) unsigned NOT NULL AUTO_INCREMENT,
  `RATING_PRODUCTID` int(10) unsigned NOT NULL,
  `RATING_RATING` int(10) unsigned NOT NULL DEFAULT '0',
  `RATING_RATESCNT` int(10) unsigned NOT NULL DEFAULT '0',
  PRIMARY KEY (`RATING_ID`),
  KEY `RATING_PRODUCTID` (`RATING_PRODUCTID`),
  CONSTRAINT `CATALOG_RATINGS_ibfk_1` FOREIGN KEY (`RATING_PRODUCTID`) REFERENCES `CATALOG_PRODUCTS` (`PRODUCTS_ID`) ON DELETE CASCADE ON UPDATE CASCADE
) ENGINE=InnoDB AUTO_INCREMENT=2 DEFAULT CHARSET=utf8;


--
-- Definition of table `CATALOG_STAT`
--

DROP TABLE IF EXISTS `CATALOG_STAT`;
CREATE TABLE `CATALOG_STAT` (
  `SAT_PRODUCTID` int(10) unsigned NOT NULL,
  `SAT_VIEWS` int(10) unsigned DEFAULT '0',
  PRIMARY KEY (`SAT_PRODUCTID`),
  CONSTRAINT `CATALOG_STAT_ibfk_1` FOREIGN KEY (`SAT_PRODUCTID`) REFERENCES `CATALOG_PRODUCTS` (`PRODUCTS_ID`) ON DELETE CASCADE ON UPDATE CASCADE
) ENGINE=InnoDB DEFAULT CHARSET=utf8;


--
-- Definition of table `MENUS`
--

DROP TABLE IF EXISTS `MENUS`;
CREATE TABLE `MENUS` (
  `MENUS_ID` int(10) unsigned NOT NULL AUTO_INCREMENT,
  `MENUS_LEFT` int(10) unsigned NOT NULL,
  `MENUS_RIGHT` int(10) unsigned NOT NULL,
  `MENUS_LEVEL` smallint(5) unsigned NOT NULL DEFAULT '0',
  `MENUS_PARENTID` int(10) unsigned NOT NULL,
  `MENUS_TITLE` varchar(60) NOT NULL DEFAULT '',
  `MENUS_ALIAS` varchar(60) NOT NULL DEFAULT '',
  `MENUS_RESOURCEID` int(10) unsigned NOT NULL,
  PRIMARY KEY (`MENUS_ID`),
  KEY `MENUS_RESOURCEID` (`MENUS_RESOURCEID`),
  KEY `tree_key` (`MENUS_LEFT`,`MENUS_RIGHT`,`MENUS_LEVEL`),
  CONSTRAINT `MENUS_ibfk_1` FOREIGN KEY (`MENUS_RESOURCEID`) REFERENCES `RESOURCES` (`RESOURCES_ID`) ON DELETE CASCADE ON UPDATE CASCADE
) ENGINE=InnoDB DEFAULT CHARSET=utf8;

--
-- Dumping data for table `MENUS`
--

/*!40000 ALTER TABLE `MENUS` DISABLE KEYS */;
INSERT INTO `MENUS` (`MENUS_ID`,`MENUS_LEFT`,`MENUS_RIGHT`,`MENUS_LEVEL`,`MENUS_PARENTID`,`MENUS_TITLE`,`MENUS_ALIAS`,`MENUS_RESOURCEID`) VALUES 
 (8,1,10,0,0,'System','system',1),
 (9,2,3,1,8,'Menus','menus',5),
 (10,4,5,1,8,'Resources','resources',10),
 (11,6,7,1,8,'User Groups','usergroups',21),
 (12,10,11,2,8,'Users','users',15),
 (13,12,25,0,0,'Catalog','catalog',33),
 (14,13,14,1,13,'Products','products',29),
 (15,15,16,1,13,'Categories','categories',41),
 (16,17,18,1,13,'Brands','brands',36),
 (17,19,20,1,13,'Fields','fields',46),
 (18,21,22,1,13,'Field Groups','fieldgroups',51),
 (19,23,24,1,13,'Posts','posts',63);
/*!40000 ALTER TABLE `MENUS` ENABLE KEYS */;


--
-- Definition of table `RESOURCES`
--

DROP TABLE IF EXISTS `RESOURCES`;
CREATE TABLE `RESOURCES` (
  `RESOURCES_ID` int(10) unsigned NOT NULL AUTO_INCREMENT,
  `RESOURCES_MODULE` varchar(50) NOT NULL DEFAULT 'default',
  `RESOURCES_CONTROLLER` varchar(50) NOT NULL DEFAULT '',
  `RESOURCES_ACTION` varchar(50) NOT NULL DEFAULT '',
  PRIMARY KEY (`RESOURCES_ID`),
  UNIQUE KEY `resource` (`RESOURCES_MODULE`,`RESOURCES_CONTROLLER`,`RESOURCES_ACTION`)
) ENGINE=InnoDB AUTO_INCREMENT=71 DEFAULT CHARSET=utf8;

--
-- Dumping data for table `RESOURCES`
--

/*!40000 ALTER TABLE `RESOURCES` DISABLE KEYS */;
INSERT INTO `RESOURCES` (`RESOURCES_ID`,`RESOURCES_MODULE`,`RESOURCES_CONTROLLER`,`RESOURCES_ACTION`) VALUES 
 (37,'catalog','brands','add'),
 (39,'catalog','brands','delete'),
 (38,'catalog','brands','edit'),
 (35,'catalog','brands','index'),
 (36,'catalog','brands','list'),
 (42,'catalog','categories','add'),
 (44,'catalog','categories','delete'),
 (43,'catalog','categories','edit'),
 (40,'catalog','categories','index'),
 (41,'catalog','categories','list'),
 (55,'catalog','categorygroups','list'),
 (52,'catalog','fieldgroups','add'),
 (54,'catalog','fieldgroups','delete'),
 (53,'catalog','fieldgroups','edit'),
 (61,'catalog','fieldgroups','fields'),
 (50,'catalog','fieldgroups','index'),
 (51,'catalog','fieldgroups','list'),
 (47,'catalog','fields','add'),
 (49,'catalog','fields','delete'),
 (48,'catalog','fields','edit'),
 (45,'catalog','fields','index'),
 (46,'catalog','fields','list'),
 (33,'catalog','index','index'),
 (34,'catalog','index','list'),
 (58,'catalog','photos','add'),
 (60,'catalog','photos','delete'),
 (59,'catalog','photos','edit'),
 (56,'catalog','photos','index'),
 (57,'catalog','photos','list'),
 (64,'catalog','posts','add'),
 (66,'catalog','posts','delete'),
 (65,'catalog','posts','edit'),
 (62,'catalog','posts','index'),
 (63,'catalog','posts','list'),
 (30,'catalog','products','add'),
 (32,'catalog','products','delete'),
 (31,'catalog','products','edit'),
 (28,'catalog','products','index'),
 (29,'catalog','products','list'),
 (70,'catalog','ratings','delete'),
 (69,'catalog','ratings','edit'),
 (67,'catalog','ratings','index'),
 (68,'catalog','ratings','view'),
 (2,'default','auth','login'),
 (3,'default','auth','logout'),
 (1,'default','index','index'),
 (27,'default','index','list'),
 (6,'default','menus','add'),
 (8,'default','menus','delete'),
 (7,'default','menus','edit'),
 (4,'default','menus','index'),
 (5,'default','menus','list'),
 (11,'default','resources','add'),
 (13,'default','resources','delete'),
 (12,'default','resources','edit'),
 (9,'default','resources','index'),
 (10,'default','resources','list'),
 (22,'default','usergroups','add'),
 (25,'default','usergroups','delete'),
 (23,'default','usergroups','edit'),
 (20,'default','usergroups','index'),
 (21,'default','usergroups','list'),
 (24,'default','usergroups','rights'),
 (16,'default','users','add'),
 (19,'default','users','delete'),
 (17,'default','users','edit'),
 (14,'default','users','index'),
 (15,'default','users','list'),
 (18,'default','users','rights');
/*!40000 ALTER TABLE `RESOURCES` ENABLE KEYS */;


--
-- Definition of table `USERGROUPS`
--

DROP TABLE IF EXISTS `USERGROUPS`;
CREATE TABLE `USERGROUPS` (
  `USERGROUPS_ID` int(10) unsigned NOT NULL AUTO_INCREMENT,
  `USERGROUPS_TITLE` varchar(50) NOT NULL DEFAULT '',
  PRIMARY KEY (`USERGROUPS_ID`)
) ENGINE=InnoDB AUTO_INCREMENT=3 DEFAULT CHARSET=utf8;

--
-- Dumping data for table `USERGROUPS`
--

/*!40000 ALTER TABLE `USERGROUPS` DISABLE KEYS */;
INSERT INTO `USERGROUPS` (`USERGROUPS_ID`,`USERGROUPS_TITLE`) VALUES 
 (1,'Administrators'),
 (2,'Guests');
/*!40000 ALTER TABLE `USERGROUPS` ENABLE KEYS */;


--
-- Definition of table `USERGROUPS_ACL`
--

DROP TABLE IF EXISTS `USERGROUPS_ACL`;
CREATE TABLE `USERGROUPS_ACL` (
  `GROUPSACL_ID` int(10) unsigned NOT NULL AUTO_INCREMENT,
  `GROUPSACL_RESOURCEID` int(10) unsigned NOT NULL,
  `GROUPSACL_GROUPID` int(10) unsigned NOT NULL,
  PRIMARY KEY (`GROUPSACL_ID`),
  KEY `GROUPSACL_RESOURCEID` (`GROUPSACL_RESOURCEID`),
  KEY `GROUPSACL_GROUPID` (`GROUPSACL_GROUPID`),
  CONSTRAINT `USERGROUPS_ACL_ibfk_1` FOREIGN KEY (`GROUPSACL_RESOURCEID`) REFERENCES `RESOURCES` (`RESOURCES_ID`) ON DELETE CASCADE ON UPDATE CASCADE,
  CONSTRAINT `USERGROUPS_ACL_ibfk_2` FOREIGN KEY (`GROUPSACL_GROUPID`) REFERENCES `USERGROUPS` (`USERGROUPS_ID`) ON DELETE CASCADE ON UPDATE CASCADE
) ENGINE=InnoDB AUTO_INCREMENT=45 DEFAULT CHARSET=utf8;

--
-- Dumping data for table `USERGROUPS_ACL`
--

/*!40000 ALTER TABLE `USERGROUPS_ACL` DISABLE KEYS */;
INSERT INTO `USERGROUPS_ACL` (`GROUPSACL_ID`,`GROUPSACL_RESOURCEID`,`GROUPSACL_GROUPID`) VALUES 
 (39,2,2),
 (40,4,2),
 (41,5,2),
 (42,3,2),
 (43,27,2),
 (44,1,2);
/*!40000 ALTER TABLE `USERGROUPS_ACL` ENABLE KEYS */;


--
-- Definition of table `USERS`
--

DROP TABLE IF EXISTS `USERS`;
CREATE TABLE `USERS` (
  `USERS_ID` int(10) unsigned NOT NULL AUTO_INCREMENT,
  `USERS_LOGIN` varchar(50) NOT NULL DEFAULT 'Anonymous',
  `USERS_PASSWORD` varchar(32) NOT NULL DEFAULT '',
  `USERS_GROUPID` int(10) unsigned NOT NULL,
  `USERS_FIRSTNAME` varchar(50) NOT NULL DEFAULT '',
  `USERS_LASTNAME` varchar(50) NOT NULL DEFAULT '',
  `USERS_EMAIL` varchar(50) NOT NULL DEFAULT '',
  `USERS_STATUS` tinyint(1) unsigned DEFAULT NULL,
  `USERS_REGISTERED` timestamp NOT NULL DEFAULT CURRENT_TIMESTAMP,
  PRIMARY KEY (`USERS_ID`)
) ENGINE=InnoDB AUTO_INCREMENT=3 DEFAULT CHARSET=utf8;

--
-- Dumping data for table `USERS`
--

/*!40000 ALTER TABLE `USERS` DISABLE KEYS */;
INSERT INTO `USERS` (`USERS_ID`,`USERS_LOGIN`,`USERS_PASSWORD`,`USERS_GROUPID`,`USERS_FIRSTNAME`,`USERS_LASTNAME`,`USERS_EMAIL`,`USERS_STATUS`,`USERS_REGISTERED`) VALUES 
 (1,'admin','931c6ca967ac15f9609d0e8da6dc1c32',1,'System','Administrator','admin@gelezka.net',1,'2010-02-08 00:39:42'),
 (2,'guest','037f85b5bc3bd0ec6efb1357eb5bc238',2,'Guest','Guest','guest@gelezka.net',1,'2010-02-09 13:45:33');
/*!40000 ALTER TABLE `USERS` ENABLE KEYS */;


--
-- Definition of table `USERS_ACL`
--

DROP TABLE IF EXISTS `USERS_ACL`;
CREATE TABLE `USERS_ACL` (
  `USERSACL_ID` int(10) unsigned NOT NULL AUTO_INCREMENT,
  `USERSACL_RESOURCEID` int(10) unsigned NOT NULL,
  `USERSACL_USERID` int(10) unsigned NOT NULL,
  PRIMARY KEY (`USERSACL_ID`),
  KEY `USERSACL_RESOURCEID` (`USERSACL_RESOURCEID`),
  KEY `USERSACL_USERID` (`USERSACL_USERID`),
  CONSTRAINT `USERS_ACL_ibfk_1` FOREIGN KEY (`USERSACL_RESOURCEID`) REFERENCES `RESOURCES` (`RESOURCES_ID`) ON DELETE CASCADE ON UPDATE CASCADE,
  CONSTRAINT `USERS_ACL_ibfk_2` FOREIGN KEY (`USERSACL_USERID`) REFERENCES `USERS` (`USERS_ID`) ON DELETE CASCADE ON UPDATE CASCADE
) ENGINE=InnoDB DEFAULT CHARSET=utf8;

--
-- Dumping data for table `USERS_ACL`
--

/*!40000 ALTER TABLE `USERS_ACL` DISABLE KEYS */;
/*!40000 ALTER TABLE `USERS_ACL` ENABLE KEYS */;




/*!40101 SET SQL_MODE=@OLD_SQL_MODE */;
/*!40014 SET FOREIGN_KEY_CHECKS=@OLD_FOREIGN_KEY_CHECKS */;
/*!40014 SET UNIQUE_CHECKS=@OLD_UNIQUE_CHECKS */;
/*!40101 SET CHARACTER_SET_CLIENT=@OLD_CHARACTER_SET_CLIENT */;
/*!40101 SET CHARACTER_SET_RESULTS=@OLD_CHARACTER_SET_RESULTS */;
/*!40101 SET COLLATION_CONNECTION=@OLD_COLLATION_CONNECTION */;
/*!40101 SET CHARACTER_SET_CLIENT=@OLD_CHARACTER_SET_CLIENT */;
