-- MySQL Administrator dump 1.4
--
-- ------------------------------------------------------
-- Server version	5.0.67-0ubuntu6


/*!40101 SET @OLD_CHARACTER_SET_CLIENT=@@CHARACTER_SET_CLIENT */;
/*!40101 SET @OLD_CHARACTER_SET_RESULTS=@@CHARACTER_SET_RESULTS */;
/*!40101 SET @OLD_COLLATION_CONNECTION=@@COLLATION_CONNECTION */;
/*!40101 SET NAMES utf8 */;

/*!40014 SET @OLD_UNIQUE_CHECKS=@@UNIQUE_CHECKS, UNIQUE_CHECKS=0 */;
/*!40014 SET @OLD_FOREIGN_KEY_CHECKS=@@FOREIGN_KEY_CHECKS, FOREIGN_KEY_CHECKS=0 */;
/*!40101 SET @OLD_SQL_MODE=@@SQL_MODE, SQL_MODE='NO_AUTO_VALUE_ON_ZERO' */;


--
-- Create schema EBOOKVA
--

CREATE DATABASE IF NOT EXISTS EBOOKVA;
USE EBOOKVA;

DROP TABLE IF EXISTS `EBOOKVA`.`CATEGORIES`;
CREATE TABLE  `EBOOKVA`.`CATEGORIES` (
  `CATEGORIES_ID` int(10) unsigned NOT NULL auto_increment,
  `CATEGORIES_PARENTID` int(10) unsigned default NULL,
  `CATEGORIES_TITLE` char(80) NOT NULL default '',
  PRIMARY KEY  (`CATEGORIES_ID`)
) ENGINE=InnoDB AUTO_INCREMENT=12 DEFAULT CHARSET=utf8;
INSERT INTO `EBOOKVA`.`CATEGORIES` VALUES   (9,0,'Books');
INSERT INTO `EBOOKVA`.`CATEGORIES` VALUES   (10,9,'Papar Books');
INSERT INTO `EBOOKVA`.`CATEGORIES` VALUES   (11,9,'Audio Books');

DROP TABLE IF EXISTS `EBOOKVA`.`CATEGORIESFIELDS`;
CREATE TABLE  `EBOOKVA`.`CATEGORIESFIELDS` (
  `CATEGORIESFIELDS_ID` int(10) unsigned NOT NULL auto_increment,
  `CATEGORIESFIELDS_CATEGORYID` int(10) unsigned NOT NULL,
  `CATEGORIESFIELDS_FIELDID` int(10) unsigned NOT NULL,
  `CATEGORIESFIELDS_SORTORDER` int(10) unsigned NOT NULL default '0',
  PRIMARY KEY  (`CATEGORIESFIELDS_ID`),
  KEY `CATEGORIESFIELDS_CATEGORYID` (`CATEGORIESFIELDS_CATEGORYID`),
  KEY `CATEGORIESFIELDS_FIELDID` (`CATEGORIESFIELDS_FIELDID`),
  CONSTRAINT `CATEGORIESFIELDS_ibfk_1` FOREIGN KEY (`CATEGORIESFIELDS_CATEGORYID`) REFERENCES `CATEGORIES` (`CATEGORIES_ID`) ON DELETE CASCADE ON UPDATE CASCADE,
  CONSTRAINT `CATEGORIESFIELDS_ibfk_2` FOREIGN KEY (`CATEGORIESFIELDS_FIELDID`) REFERENCES `PRODUCTSFIELDS` (`PRODUCTSFIELDS_ID`) ON DELETE CASCADE ON UPDATE CASCADE
) ENGINE=InnoDB AUTO_INCREMENT=12 DEFAULT CHARSET=utf8;
INSERT INTO `EBOOKVA`.`CATEGORIESFIELDS` VALUES   (6,9,3,10);
INSERT INTO `EBOOKVA`.`CATEGORIESFIELDS` VALUES   (7,9,5,20);
INSERT INTO `EBOOKVA`.`CATEGORIESFIELDS` VALUES   (9,9,7,40);
INSERT INTO `EBOOKVA`.`CATEGORIESFIELDS` VALUES   (10,9,6,50);
INSERT INTO `EBOOKVA`.`CATEGORIESFIELDS` VALUES   (11,10,4,45);

DROP TABLE IF EXISTS `EBOOKVA`.`PRODUCTS`;
CREATE TABLE  `EBOOKVA`.`PRODUCTS` (
  `PRODUCTS_ID` int(10) unsigned NOT NULL auto_increment,
  `PRODUCTS_CATEGORYID` int(10) unsigned NOT NULL,
  `PRODUCTS_MANUFACTURERID` int(10) unsigned default NULL,
  `PRODUCTS_IMAGE` varchar(255) NOT NULL default '',
  `PRODUCTS_SHORTDESC` text,
  `PRODUCTS_DATE` timestamp NOT NULL default CURRENT_TIMESTAMP,
  PRIMARY KEY  (`PRODUCTS_ID`),
  KEY `PRODUCTS_CATEGORYID` (`PRODUCTS_CATEGORYID`),
  CONSTRAINT `PRODUCTS_ibfk_1` FOREIGN KEY (`PRODUCTS_CATEGORYID`) REFERENCES `CATEGORIES` (`CATEGORIES_ID`) ON DELETE CASCADE ON UPDATE CASCADE
) ENGINE=InnoDB DEFAULT CHARSET=utf8;

DROP TABLE IF EXISTS `EBOOKVA`.`PRODUCTSFIELDS`;
CREATE TABLE  `EBOOKVA`.`PRODUCTSFIELDS` (
  `PRODUCTSFIELDS_ID` int(10) unsigned NOT NULL auto_increment,
  `PRODUCTSFIELDS_ALIAS` char(50) NOT NULL default '',
  `PRODUCTSFIELDS_TITLE` char(50) NOT NULL default '',
  `PRODUCTSFIELDS_FIELDTYPE` tinyint(3) unsigned NOT NULL default '1',
  PRIMARY KEY  (`PRODUCTSFIELDS_ID`)
) ENGINE=InnoDB AUTO_INCREMENT=8 DEFAULT CHARSET=utf8;
INSERT INTO `EBOOKVA`.`PRODUCTSFIELDS` VALUES   (3,'author','Author',1);
INSERT INTO `EBOOKVA`.`PRODUCTSFIELDS` VALUES   (4,'isbn','ISBN',2);
INSERT INTO `EBOOKVA`.`PRODUCTSFIELDS` VALUES   (5,'year','YEAR',1);
INSERT INTO `EBOOKVA`.`PRODUCTSFIELDS` VALUES   (6,'lenguage','Lenguage',1);
INSERT INTO `EBOOKVA`.`PRODUCTSFIELDS` VALUES   (7,'format','Format',1);

DROP TABLE IF EXISTS `EBOOKVA`.`PRODUCTSVALUES`;
CREATE TABLE  `EBOOKVA`.`PRODUCTSVALUES` (
  `PRODUCTSVALUES_ID` int(10) unsigned NOT NULL auto_increment,
  `PRODUCTSVALUES_PRODUCTID` int(10) unsigned NOT NULL,
  `PRODUCTSVALUES_FIELDID` int(10) unsigned NOT NULL,
  `PRODUCTSVALUES_VALUE` varchar(255) default NULL,
  PRIMARY KEY  (`PRODUCTSVALUES_ID`),
  KEY `PRODUCTSVALUES_ibfk_1` (`PRODUCTSVALUES_PRODUCTID`),
  KEY `PRODUCTSVALUES_FIELDID` (`PRODUCTSVALUES_FIELDID`),
  CONSTRAINT `PRODUCTSVALUES_ibfk_2` FOREIGN KEY (`PRODUCTSVALUES_FIELDID`) REFERENCES `PRODUCTSFIELDS` (`PRODUCTSFIELDS_ID`) ON DELETE CASCADE ON UPDATE CASCADE,
  CONSTRAINT `PRODUCTSVALUES_ibfk_1` FOREIGN KEY (`PRODUCTSVALUES_PRODUCTID`) REFERENCES `PRODUCTS` (`PRODUCTS_ID`) ON DELETE CASCADE ON UPDATE CASCADE
) ENGINE=InnoDB DEFAULT CHARSET=utf8;

DROP TABLE IF EXISTS `EBOOKVA`.`SQLLOG`;
CREATE TABLE  `EBOOKVA`.`SQLLOG` (
  `SQLLOG_QUERY` varchar(255) NOT NULL,
  `SQLLOG_QUERYTYPE` tinyint(3) unsigned NOT NULL,
  `SQLLOG_RUNTIME` float(4,4) unsigned NOT NULL default '0.0000',
  `SQLLOG_STARTTIME` timestamp NOT NULL default CURRENT_TIMESTAMP
) ENGINE=MyISAM DEFAULT CHARSET=utf8;
INSERT INTO `EBOOKVA`.`SQLLOG` VALUES   ('connect',1,0.0015,'2009-02-28 10:57:18');
INSERT INTO `EBOOKVA`.`SQLLOG` VALUES   ('DESCRIBE `PRODUCTSFIELDS`',2,0.0029,'2009-02-28 10:57:18');
INSERT INTO `EBOOKVA`.`SQLLOG` VALUES   ('DESCRIBE `PRODUCTSFIELDS`',2,0.0027,'2009-02-28 10:57:19');
INSERT INTO `EBOOKVA`.`SQLLOG` VALUES   ('SELECT `PRODUCTSFIELDS`.* FROM `PRODUCTSFIELDS` WHERE (((`PRODUCTSFIELDS`.`PRODUCTSFIELDS_ID` = 3)))',32,0.0005,'2009-02-28 10:57:19');
INSERT INTO `EBOOKVA`.`SQLLOG` VALUES   ('connect',1,0.0360,'2009-02-28 15:04:02');
INSERT INTO `EBOOKVA`.`SQLLOG` VALUES   ('DESCRIBE `CATEGORIES`',2,0.0081,'2009-02-28 15:04:02');
INSERT INTO `EBOOKVA`.`SQLLOG` VALUES   ('SELECT `CATEGORIES`.`CATEGORIES_ID`, `CATEGORIES`.`CATEGORIES_PARENTID`, `CATEGORIES`.`CATEGORIES_TITLE` FROM `CATEGORIES`',32,0.0000,'2009-02-28 15:04:02');
INSERT INTO `EBOOKVA`.`SQLLOG` VALUES   ('connect',1,0.0016,'2009-02-28 15:04:18');
INSERT INTO `EBOOKVA`.`SQLLOG` VALUES   ('DESCRIBE `CATEGORIES`',2,0.0018,'2009-02-28 15:04:18');
INSERT INTO `EBOOKVA`.`SQLLOG` VALUES   ('DESCRIBE `CATEGORIES`',2,0.0021,'2009-02-28 15:04:18');
INSERT INTO `EBOOKVA`.`SQLLOG` VALUES   ('SELECT `CATEGORIES`.* FROM `CATEGORIES` WHERE (((`CATEGORIES`.`CATEGORIES_ID` = 10)))',32,0.0003,'2009-02-28 15:04:18');
INSERT INTO `EBOOKVA`.`SQLLOG` VALUES   ('DESCRIBE `CATEGORIESFIELDS`',2,0.0000,'2009-02-28 15:04:18');
INSERT INTO `EBOOKVA`.`SQLLOG` VALUES   ('DESCRIBE `PRODUCTSFIELDS`',2,0.0000,'2009-02-28 15:04:18');
INSERT INTO `EBOOKVA`.`SQLLOG` VALUES   ('DESCRIBE `CATEGORIES`',2,0.0000,'2009-02-28 15:04:18');
INSERT INTO `EBOOKVA`.`SQLLOG` VALUES   ('DESCRIBE `CATEGORIES`',2,0.0000,'2009-02-28 15:04:18');
INSERT INTO `EBOOKVA`.`SQLLOG` VALUES   ('SELECT `CATEGORIES`.* FROM `CATEGORIES` WHERE (((`CATEGORIES`.`CATEGORIES_ID` = 10)))',32,0.0000,'2009-02-28 15:04:18');
INSERT INTO `EBOOKVA`.`SQLLOG` VALUES   ('DESCRIBE `CATEGORIES`',2,0.0000,'2009-02-28 15:04:18');
INSERT INTO `EBOOKVA`.`SQLLOG` VALUES   ('DESCRIBE `CATEGORIES`',2,0.0000,'2009-02-28 15:04:18');
INSERT INTO `EBOOKVA`.`SQLLOG` VALUES   ('SELECT `CATEGORIES`.* FROM `CATEGORIES` WHERE (((`CATEGORIES`.`CATEGORIES_ID` = 9)))',32,0.0000,'2009-02-28 15:04:18');
INSERT INTO `EBOOKVA`.`SQLLOG` VALUES   ('DESCRIBE `PRODUCTSFIELDS`',2,0.0000,'2009-02-28 15:04:18');
INSERT INTO `EBOOKVA`.`SQLLOG` VALUES   ('DESCRIBE `CATEGORIESFIELDS`',2,0.0000,'2009-02-28 15:04:18');
INSERT INTO `EBOOKVA`.`SQLLOG` VALUES   ('SELECT `fields`.*, `categoriesFields`.* FROM `PRODUCTSFIELDS` AS `fields`\n LEFT JOIN `CATEGORIESFIELDS` AS `categoriesFields` ON categoriesFields.CATEGORIESFIELDS_FIELDID = fields.PRODUCTSFIELDS_ID WHERE (categoriesFields.CATEGORIESFIELDS_CATEGORYID not i',32,0.0711,'2009-02-28 15:04:18');
INSERT INTO `EBOOKVA`.`SQLLOG` VALUES   ('connect',1,0.0029,'2009-02-28 15:20:17');
INSERT INTO `EBOOKVA`.`SQLLOG` VALUES   ('DESCRIBE `CATEGORIES`',2,0.0025,'2009-02-28 15:20:17');
INSERT INTO `EBOOKVA`.`SQLLOG` VALUES   ('DESCRIBE `CATEGORIES`',2,0.0023,'2009-02-28 15:20:17');
INSERT INTO `EBOOKVA`.`SQLLOG` VALUES   ('SELECT `CATEGORIES`.* FROM `CATEGORIES` WHERE (((`CATEGORIES`.`CATEGORIES_ID` = 10)))',32,0.0000,'2009-02-28 15:20:17');
INSERT INTO `EBOOKVA`.`SQLLOG` VALUES   ('DESCRIBE `CATEGORIESFIELDS`',2,0.0000,'2009-02-28 15:20:17');
INSERT INTO `EBOOKVA`.`SQLLOG` VALUES   ('DESCRIBE `PRODUCTSFIELDS`',2,0.0000,'2009-02-28 15:20:17');
INSERT INTO `EBOOKVA`.`SQLLOG` VALUES   ('DESCRIBE `CATEGORIES`',2,0.0000,'2009-02-28 15:20:17');
INSERT INTO `EBOOKVA`.`SQLLOG` VALUES   ('DESCRIBE `CATEGORIES`',2,0.0000,'2009-02-28 15:20:17');
INSERT INTO `EBOOKVA`.`SQLLOG` VALUES   ('SELECT `CATEGORIES`.* FROM `CATEGORIES` WHERE (((`CATEGORIES`.`CATEGORIES_ID` = 10)))',32,0.0000,'2009-02-28 15:20:17');
INSERT INTO `EBOOKVA`.`SQLLOG` VALUES   ('DESCRIBE `CATEGORIES`',2,0.0000,'2009-02-28 15:20:17');
INSERT INTO `EBOOKVA`.`SQLLOG` VALUES   ('DESCRIBE `CATEGORIES`',2,0.0000,'2009-02-28 15:20:17');
INSERT INTO `EBOOKVA`.`SQLLOG` VALUES   ('SELECT `CATEGORIES`.* FROM `CATEGORIES` WHERE (((`CATEGORIES`.`CATEGORIES_ID` = 9)))',32,0.0000,'2009-02-28 15:20:17');
INSERT INTO `EBOOKVA`.`SQLLOG` VALUES   ('DESCRIBE `PRODUCTSFIELDS`',2,0.0000,'2009-02-28 15:20:17');
INSERT INTO `EBOOKVA`.`SQLLOG` VALUES   ('DESCRIBE `CATEGORIESFIELDS`',2,0.0000,'2009-02-28 15:20:17');
INSERT INTO `EBOOKVA`.`SQLLOG` VALUES   ('SELECT `fields`.*, `categoriesFields`.* FROM `PRODUCTSFIELDS` AS `fields`\n INNER JOIN `CATEGORIESFIELDS` AS `categoriesFields` ON categoriesFields.CATEGORIESFIELDS_FIELDID = fields.PRODUCTSFIELDS_ID WHERE (categoriesFields.CATEGORIESFIELDS_CATEGORYID in (',32,0.0000,'2009-02-28 15:20:17');
INSERT INTO `EBOOKVA`.`SQLLOG` VALUES   ('connect',1,0.0018,'2009-02-28 15:22:36');
INSERT INTO `EBOOKVA`.`SQLLOG` VALUES   ('DESCRIBE `CATEGORIES`',2,0.0031,'2009-02-28 15:22:36');
INSERT INTO `EBOOKVA`.`SQLLOG` VALUES   ('DESCRIBE `CATEGORIES`',2,0.0062,'2009-02-28 15:22:36');
INSERT INTO `EBOOKVA`.`SQLLOG` VALUES   ('SELECT `CATEGORIES`.* FROM `CATEGORIES` WHERE (((`CATEGORIES`.`CATEGORIES_ID` = 10)))',32,0.0003,'2009-02-28 15:22:36');
INSERT INTO `EBOOKVA`.`SQLLOG` VALUES   ('DESCRIBE `CATEGORIESFIELDS`',2,0.0019,'2009-02-28 15:22:36');
INSERT INTO `EBOOKVA`.`SQLLOG` VALUES   ('DESCRIBE `PRODUCTSFIELDS`',2,0.0022,'2009-02-28 15:22:36');
INSERT INTO `EBOOKVA`.`SQLLOG` VALUES   ('DESCRIBE `CATEGORIES`',2,0.0017,'2009-02-28 15:22:36');
INSERT INTO `EBOOKVA`.`SQLLOG` VALUES   ('DESCRIBE `CATEGORIES`',2,0.0020,'2009-02-28 15:22:36');
INSERT INTO `EBOOKVA`.`SQLLOG` VALUES   ('SELECT `CATEGORIES`.* FROM `CATEGORIES` WHERE (((`CATEGORIES`.`CATEGORIES_ID` = 10)))',32,0.0003,'2009-02-28 15:22:36');
INSERT INTO `EBOOKVA`.`SQLLOG` VALUES   ('DESCRIBE `PRODUCTSFIELDS`',2,0.0071,'2009-02-28 15:22:36');
INSERT INTO `EBOOKVA`.`SQLLOG` VALUES   ('DESCRIBE `CATEGORIESFIELDS`',2,0.0035,'2009-02-28 15:22:36');
INSERT INTO `EBOOKVA`.`SQLLOG` VALUES   ('SELECT `fields`.*, `categoriesFields`.* FROM `PRODUCTSFIELDS` AS `fields`\n INNER JOIN `CATEGORIESFIELDS` AS `categoriesFields` ON categoriesFields.CATEGORIESFIELDS_FIELDID = fields.PRODUCTSFIELDS_ID WHERE (categoriesFields.CATEGORIESFIELDS_CATEGORYID in (',32,0.0015,'2009-02-28 15:22:36');
INSERT INTO `EBOOKVA`.`SQLLOG` VALUES   ('connect',1,0.0726,'2009-02-28 15:22:59');
INSERT INTO `EBOOKVA`.`SQLLOG` VALUES   ('DESCRIBE `CATEGORIES`',2,0.0043,'2009-02-28 15:22:59');
INSERT INTO `EBOOKVA`.`SQLLOG` VALUES   ('DESCRIBE `CATEGORIES`',2,0.0123,'2009-02-28 15:22:59');
INSERT INTO `EBOOKVA`.`SQLLOG` VALUES   ('SELECT `CATEGORIES`.* FROM `CATEGORIES` WHERE (((`CATEGORIES`.`CATEGORIES_ID` = 10)))',32,0.0002,'2009-02-28 15:22:59');
INSERT INTO `EBOOKVA`.`SQLLOG` VALUES   ('DESCRIBE `CATEGORIESFIELDS`',2,0.0023,'2009-02-28 15:22:59');
INSERT INTO `EBOOKVA`.`SQLLOG` VALUES   ('DESCRIBE `PRODUCTSFIELDS`',2,0.0015,'2009-02-28 15:22:59');
INSERT INTO `EBOOKVA`.`SQLLOG` VALUES   ('DESCRIBE `CATEGORIES`',2,0.0019,'2009-02-28 15:22:59');
INSERT INTO `EBOOKVA`.`SQLLOG` VALUES   ('DESCRIBE `CATEGORIES`',2,0.0021,'2009-02-28 15:22:59');
INSERT INTO `EBOOKVA`.`SQLLOG` VALUES   ('SELECT `CATEGORIES`.* FROM `CATEGORIES` WHERE (((`CATEGORIES`.`CATEGORIES_ID` = 10)))',32,0.0003,'2009-02-28 15:22:59');
INSERT INTO `EBOOKVA`.`SQLLOG` VALUES   ('DESCRIBE `CATEGORIES`',2,0.0020,'2009-02-28 15:22:59');
INSERT INTO `EBOOKVA`.`SQLLOG` VALUES   ('DESCRIBE `CATEGORIES`',2,0.0019,'2009-02-28 15:22:59');
INSERT INTO `EBOOKVA`.`SQLLOG` VALUES   ('SELECT `CATEGORIES`.* FROM `CATEGORIES` WHERE (((`CATEGORIES`.`CATEGORIES_ID` = 9)))',32,0.0003,'2009-02-28 15:22:59');
INSERT INTO `EBOOKVA`.`SQLLOG` VALUES   ('DESCRIBE `PRODUCTSFIELDS`',2,0.0018,'2009-02-28 15:22:59');
INSERT INTO `EBOOKVA`.`SQLLOG` VALUES   ('DESCRIBE `CATEGORIESFIELDS`',2,0.0019,'2009-02-28 15:22:59');
INSERT INTO `EBOOKVA`.`SQLLOG` VALUES   ('SELECT `fields`.*, `categoriesFields`.* FROM `PRODUCTSFIELDS` AS `fields`\n INNER JOIN `CATEGORIESFIELDS` AS `categoriesFields` ON categoriesFields.CATEGORIESFIELDS_FIELDID = fields.PRODUCTSFIELDS_ID WHERE (categoriesFields.CATEGORIESFIELDS_CATEGORYID in (',32,0.0000,'2009-02-28 15:22:59');
INSERT INTO `EBOOKVA`.`SQLLOG` VALUES   ('connect',1,0.0012,'2009-02-28 18:20:20');
INSERT INTO `EBOOKVA`.`SQLLOG` VALUES   ('DESCRIBE `CATEGORIES`',2,0.0015,'2009-02-28 18:20:20');
INSERT INTO `EBOOKVA`.`SQLLOG` VALUES   ('DESCRIBE `CATEGORIES`',2,0.0003,'2009-02-28 18:20:20');
INSERT INTO `EBOOKVA`.`SQLLOG` VALUES   ('SELECT `CATEGORIES`.* FROM `CATEGORIES` WHERE (((`CATEGORIES`.`CATEGORIES_ID` = 10)))',32,0.0000,'2009-02-28 18:20:20');
INSERT INTO `EBOOKVA`.`SQLLOG` VALUES   ('DESCRIBE `CATEGORIESFIELDS`',2,0.0015,'2009-02-28 18:20:20');
INSERT INTO `EBOOKVA`.`SQLLOG` VALUES   ('DESCRIBE `PRODUCTSFIELDS`',2,0.0013,'2009-02-28 18:20:20');
INSERT INTO `EBOOKVA`.`SQLLOG` VALUES   ('DESCRIBE `CATEGORIES`',2,0.0013,'2009-02-28 18:20:20');
INSERT INTO `EBOOKVA`.`SQLLOG` VALUES   ('DESCRIBE `CATEGORIES`',2,0.0011,'2009-02-28 18:20:20');
INSERT INTO `EBOOKVA`.`SQLLOG` VALUES   ('SELECT `CATEGORIES`.* FROM `CATEGORIES` WHERE (((`CATEGORIES`.`CATEGORIES_ID` = 10)))',32,0.0002,'2009-02-28 18:20:20');
INSERT INTO `EBOOKVA`.`SQLLOG` VALUES   ('DESCRIBE `CATEGORIES`',2,0.0005,'2009-02-28 18:20:20');
INSERT INTO `EBOOKVA`.`SQLLOG` VALUES   ('DESCRIBE `CATEGORIES`',2,0.0021,'2009-02-28 18:20:20');
INSERT INTO `EBOOKVA`.`SQLLOG` VALUES   ('SELECT `CATEGORIES`.* FROM `CATEGORIES` WHERE (((`CATEGORIES`.`CATEGORIES_ID` = 9)))',32,0.0002,'2009-02-28 18:20:20');
INSERT INTO `EBOOKVA`.`SQLLOG` VALUES   ('DESCRIBE `PRODUCTSFIELDS`',2,0.0014,'2009-02-28 18:20:20');
INSERT INTO `EBOOKVA`.`SQLLOG` VALUES   ('DESCRIBE `CATEGORIESFIELDS`',2,0.0013,'2009-02-28 18:20:20');
INSERT INTO `EBOOKVA`.`SQLLOG` VALUES   ('SELECT `fields`.*, `categoriesFields`.* FROM `PRODUCTSFIELDS` AS `fields`\n INNER JOIN `CATEGORIESFIELDS` AS `categoriesFields` ON categoriesFields.CATEGORIESFIELDS_FIELDID = fields.PRODUCTSFIELDS_ID WHERE (categoriesFields.CATEGORIESFIELDS_CATEGORYID in (',32,0.0002,'2009-02-28 18:20:20');
INSERT INTO `EBOOKVA`.`SQLLOG` VALUES   ('connect',1,0.0018,'2009-02-28 18:20:57');
INSERT INTO `EBOOKVA`.`SQLLOG` VALUES   ('DESCRIBE `CATEGORIES`',2,0.0014,'2009-02-28 18:20:57');
INSERT INTO `EBOOKVA`.`SQLLOG` VALUES   ('DESCRIBE `CATEGORIES`',2,0.0015,'2009-02-28 18:20:57');
INSERT INTO `EBOOKVA`.`SQLLOG` VALUES   ('SELECT `CATEGORIES`.* FROM `CATEGORIES` WHERE (((`CATEGORIES`.`CATEGORIES_ID` = 10)))',32,0.0015,'2009-02-28 18:20:57');
INSERT INTO `EBOOKVA`.`SQLLOG` VALUES   ('DESCRIBE `CATEGORIESFIELDS`',2,0.0013,'2009-02-28 18:20:57');
INSERT INTO `EBOOKVA`.`SQLLOG` VALUES   ('DESCRIBE `PRODUCTSFIELDS`',2,0.0016,'2009-02-28 18:20:57');
INSERT INTO `EBOOKVA`.`SQLLOG` VALUES   ('DESCRIBE `CATEGORIES`',2,0.0013,'2009-02-28 18:20:57');
INSERT INTO `EBOOKVA`.`SQLLOG` VALUES   ('DESCRIBE `CATEGORIES`',2,0.0016,'2009-02-28 18:20:57');
INSERT INTO `EBOOKVA`.`SQLLOG` VALUES   ('SELECT `CATEGORIES`.* FROM `CATEGORIES` WHERE (((`CATEGORIES`.`CATEGORIES_ID` = 10)))',32,0.0003,'2009-02-28 18:20:57');
INSERT INTO `EBOOKVA`.`SQLLOG` VALUES   ('DESCRIBE `CATEGORIES`',2,0.0015,'2009-02-28 18:20:57');
INSERT INTO `EBOOKVA`.`SQLLOG` VALUES   ('DESCRIBE `CATEGORIES`',2,0.0013,'2009-02-28 18:20:57');
INSERT INTO `EBOOKVA`.`SQLLOG` VALUES   ('SELECT `CATEGORIES`.* FROM `CATEGORIES` WHERE (((`CATEGORIES`.`CATEGORIES_ID` = 9)))',32,0.0003,'2009-02-28 18:20:57');
INSERT INTO `EBOOKVA`.`SQLLOG` VALUES   ('DESCRIBE `PRODUCTSFIELDS`',2,0.0014,'2009-02-28 18:20:57');
INSERT INTO `EBOOKVA`.`SQLLOG` VALUES   ('DESCRIBE `CATEGORIESFIELDS`',2,0.0013,'2009-02-28 18:20:57');
INSERT INTO `EBOOKVA`.`SQLLOG` VALUES   ('SELECT `fields`.*, `categoriesFields`.* FROM `PRODUCTSFIELDS` AS `fields`\n INNER JOIN `CATEGORIESFIELDS` AS `categoriesFields` ON categoriesFields.CATEGORIESFIELDS_FIELDID = fields.PRODUCTSFIELDS_ID WHERE (categoriesFields.CATEGORIESFIELDS_CATEGORYID in (',32,0.0003,'2009-02-28 18:20:57');
INSERT INTO `EBOOKVA`.`SQLLOG` VALUES   ('connect',1,0.0280,'2009-02-28 18:23:39');
INSERT INTO `EBOOKVA`.`SQLLOG` VALUES   ('DESCRIBE `CATEGORIES`',2,0.0030,'2009-02-28 18:23:39');
INSERT INTO `EBOOKVA`.`SQLLOG` VALUES   ('DESCRIBE `CATEGORIES`',2,0.0017,'2009-02-28 18:23:39');
INSERT INTO `EBOOKVA`.`SQLLOG` VALUES   ('SELECT `CATEGORIES`.* FROM `CATEGORIES` WHERE (((`CATEGORIES`.`CATEGORIES_ID` = 10)))',32,0.0003,'2009-02-28 18:23:39');
INSERT INTO `EBOOKVA`.`SQLLOG` VALUES   ('DESCRIBE `CATEGORIESFIELDS`',2,0.0056,'2009-02-28 18:23:39');
INSERT INTO `EBOOKVA`.`SQLLOG` VALUES   ('DESCRIBE `PRODUCTSFIELDS`',2,0.0014,'2009-02-28 18:23:39');
INSERT INTO `EBOOKVA`.`SQLLOG` VALUES   ('DESCRIBE `CATEGORIES`',2,0.0011,'2009-02-28 18:23:39');
INSERT INTO `EBOOKVA`.`SQLLOG` VALUES   ('DESCRIBE `CATEGORIES`',2,0.0015,'2009-02-28 18:23:39');
INSERT INTO `EBOOKVA`.`SQLLOG` VALUES   ('SELECT `CATEGORIES`.* FROM `CATEGORIES` WHERE (((`CATEGORIES`.`CATEGORIES_ID` = 10)))',32,0.0000,'2009-02-28 18:23:39');
INSERT INTO `EBOOKVA`.`SQLLOG` VALUES   ('DESCRIBE `CATEGORIES`',2,0.0015,'2009-02-28 18:23:39');
INSERT INTO `EBOOKVA`.`SQLLOG` VALUES   ('DESCRIBE `CATEGORIES`',2,0.0017,'2009-02-28 18:23:39');
INSERT INTO `EBOOKVA`.`SQLLOG` VALUES   ('SELECT `CATEGORIES`.* FROM `CATEGORIES` WHERE (((`CATEGORIES`.`CATEGORIES_ID` = 9)))',32,0.0003,'2009-02-28 18:23:39');
INSERT INTO `EBOOKVA`.`SQLLOG` VALUES   ('DESCRIBE `PRODUCTSFIELDS`',2,0.0011,'2009-02-28 18:23:39');
INSERT INTO `EBOOKVA`.`SQLLOG` VALUES   ('DESCRIBE `CATEGORIESFIELDS`',2,0.0015,'2009-02-28 18:23:39');
INSERT INTO `EBOOKVA`.`SQLLOG` VALUES   ('SELECT `fields`.*, `categoriesFields`.* FROM `PRODUCTSFIELDS` AS `fields`\n INNER JOIN `CATEGORIESFIELDS` AS `categoriesFields` ON categoriesFields.CATEGORIESFIELDS_FIELDID = fields.PRODUCTSFIELDS_ID WHERE (categoriesFields.CATEGORIESFIELDS_CATEGORYID in (',32,0.0003,'2009-02-28 18:23:39');
INSERT INTO `EBOOKVA`.`SQLLOG` VALUES   ('connect',1,0.0335,'2009-02-28 18:25:12');
INSERT INTO `EBOOKVA`.`SQLLOG` VALUES   ('DESCRIBE `CATEGORIES`',2,0.0151,'2009-02-28 18:25:12');
INSERT INTO `EBOOKVA`.`SQLLOG` VALUES   ('DESCRIBE `CATEGORIES`',2,0.0020,'2009-02-28 18:25:12');
INSERT INTO `EBOOKVA`.`SQLLOG` VALUES   ('SELECT `CATEGORIES`.* FROM `CATEGORIES` WHERE (((`CATEGORIES`.`CATEGORIES_ID` = 10)))',32,0.0003,'2009-02-28 18:25:12');
INSERT INTO `EBOOKVA`.`SQLLOG` VALUES   ('DESCRIBE `CATEGORIESFIELDS`',2,0.0021,'2009-02-28 18:25:12');
INSERT INTO `EBOOKVA`.`SQLLOG` VALUES   ('DESCRIBE `PRODUCTSFIELDS`',2,0.0018,'2009-02-28 18:25:12');
INSERT INTO `EBOOKVA`.`SQLLOG` VALUES   ('DESCRIBE `CATEGORIES`',2,0.0015,'2009-02-28 18:25:12');
INSERT INTO `EBOOKVA`.`SQLLOG` VALUES   ('DESCRIBE `CATEGORIES`',2,0.0013,'2009-02-28 18:25:12');
INSERT INTO `EBOOKVA`.`SQLLOG` VALUES   ('SELECT `CATEGORIES`.* FROM `CATEGORIES` WHERE (((`CATEGORIES`.`CATEGORIES_ID` = 10)))',32,0.0003,'2009-02-28 18:25:12');
INSERT INTO `EBOOKVA`.`SQLLOG` VALUES   ('DESCRIBE `CATEGORIES`',2,0.0017,'2009-02-28 18:25:12');
INSERT INTO `EBOOKVA`.`SQLLOG` VALUES   ('DESCRIBE `CATEGORIES`',2,0.0015,'2009-02-28 18:25:12');
INSERT INTO `EBOOKVA`.`SQLLOG` VALUES   ('SELECT `CATEGORIES`.* FROM `CATEGORIES` WHERE (((`CATEGORIES`.`CATEGORIES_ID` = 9)))',32,0.0002,'2009-02-28 18:25:12');
INSERT INTO `EBOOKVA`.`SQLLOG` VALUES   ('DESCRIBE `PRODUCTSFIELDS`',2,0.0025,'2009-02-28 18:25:12');
INSERT INTO `EBOOKVA`.`SQLLOG` VALUES   ('DESCRIBE `CATEGORIESFIELDS`',2,0.0017,'2009-02-28 18:25:12');
INSERT INTO `EBOOKVA`.`SQLLOG` VALUES   ('SELECT `fields`.*, `categoriesFields`.* FROM `PRODUCTSFIELDS` AS `fields`\n INNER JOIN `CATEGORIESFIELDS` AS `categoriesFields` ON categoriesFields.CATEGORIESFIELDS_FIELDID = fields.PRODUCTSFIELDS_ID WHERE (categoriesFields.CATEGORIESFIELDS_CATEGORYID in (',32,0.0003,'2009-02-28 18:25:12');
INSERT INTO `EBOOKVA`.`SQLLOG` VALUES   ('connect',1,0.0006,'2009-02-28 18:25:24');
INSERT INTO `EBOOKVA`.`SQLLOG` VALUES   ('DESCRIBE `CATEGORIES`',2,0.0019,'2009-02-28 18:25:25');
INSERT INTO `EBOOKVA`.`SQLLOG` VALUES   ('DESCRIBE `CATEGORIES`',2,0.0014,'2009-02-28 18:25:25');
INSERT INTO `EBOOKVA`.`SQLLOG` VALUES   ('SELECT `CATEGORIES`.* FROM `CATEGORIES` WHERE (((`CATEGORIES`.`CATEGORIES_ID` = 10)))',32,0.0008,'2009-02-28 18:25:25');
INSERT INTO `EBOOKVA`.`SQLLOG` VALUES   ('DESCRIBE `CATEGORIESFIELDS`',2,0.0028,'2009-02-28 18:25:25');
INSERT INTO `EBOOKVA`.`SQLLOG` VALUES   ('DESCRIBE `PRODUCTSFIELDS`',2,0.0019,'2009-02-28 18:25:25');
INSERT INTO `EBOOKVA`.`SQLLOG` VALUES   ('DESCRIBE `CATEGORIES`',2,0.0016,'2009-02-28 18:25:25');
INSERT INTO `EBOOKVA`.`SQLLOG` VALUES   ('DESCRIBE `CATEGORIES`',2,0.0017,'2009-02-28 18:25:25');
INSERT INTO `EBOOKVA`.`SQLLOG` VALUES   ('SELECT `CATEGORIES`.* FROM `CATEGORIES` WHERE (((`CATEGORIES`.`CATEGORIES_ID` = 10)))',32,0.0003,'2009-02-28 18:25:25');
INSERT INTO `EBOOKVA`.`SQLLOG` VALUES   ('DESCRIBE `CATEGORIES`',2,0.0016,'2009-02-28 18:25:25');
INSERT INTO `EBOOKVA`.`SQLLOG` VALUES   ('DESCRIBE `CATEGORIES`',2,0.0017,'2009-02-28 18:25:25');
INSERT INTO `EBOOKVA`.`SQLLOG` VALUES   ('SELECT `CATEGORIES`.* FROM `CATEGORIES` WHERE (((`CATEGORIES`.`CATEGORIES_ID` = 9)))',32,0.0003,'2009-02-28 18:25:25');
INSERT INTO `EBOOKVA`.`SQLLOG` VALUES   ('DESCRIBE `PRODUCTSFIELDS`',2,0.0022,'2009-02-28 18:25:25');
INSERT INTO `EBOOKVA`.`SQLLOG` VALUES   ('DESCRIBE `CATEGORIESFIELDS`',2,0.0034,'2009-02-28 18:25:25');
INSERT INTO `EBOOKVA`.`SQLLOG` VALUES   ('SELECT `fields`.*, `categoriesFields`.* FROM `PRODUCTSFIELDS` AS `fields`\n INNER JOIN `CATEGORIESFIELDS` AS `categoriesFields` ON categoriesFields.CATEGORIESFIELDS_FIELDID = fields.PRODUCTSFIELDS_ID WHERE (categoriesFields.CATEGORIESFIELDS_CATEGORYID in (',32,0.0004,'2009-02-28 18:25:25');
INSERT INTO `EBOOKVA`.`SQLLOG` VALUES   ('connect',1,0.0017,'2009-02-28 18:25:32');
INSERT INTO `EBOOKVA`.`SQLLOG` VALUES   ('DESCRIBE `PRODUCTSFIELDS`',2,0.0018,'2009-02-28 18:25:32');
INSERT INTO `EBOOKVA`.`SQLLOG` VALUES   ('SELECT `PRODUCTSFIELDS`.`PRODUCTSFIELDS_ID`, `PRODUCTSFIELDS`.`PRODUCTSFIELDS_ALIAS`, `PRODUCTSFIELDS`.`PRODUCTSFIELDS_TITLE`, `PRODUCTSFIELDS`.`PRODUCTSFIELDS_FIELDTYPE` FROM `PRODUCTSFIELDS`',32,0.0029,'2009-02-28 18:25:32');
INSERT INTO `EBOOKVA`.`SQLLOG` VALUES   ('connect',1,0.0014,'2009-02-28 18:25:35');
INSERT INTO `EBOOKVA`.`SQLLOG` VALUES   ('DESCRIBE `PRODUCTSFIELDS`',2,0.0070,'2009-02-28 18:25:35');
INSERT INTO `EBOOKVA`.`SQLLOG` VALUES   ('DESCRIBE `PRODUCTSFIELDS`',2,0.0037,'2009-02-28 18:25:35');
INSERT INTO `EBOOKVA`.`SQLLOG` VALUES   ('SELECT `PRODUCTSFIELDS`.* FROM `PRODUCTSFIELDS` WHERE (((`PRODUCTSFIELDS`.`PRODUCTSFIELDS_ID` = 4)))',32,0.0758,'2009-02-28 18:25:35');
INSERT INTO `EBOOKVA`.`SQLLOG` VALUES   ('connect',1,0.0007,'2009-02-28 18:25:39');
INSERT INTO `EBOOKVA`.`SQLLOG` VALUES   ('DESCRIBE `PRODUCTSFIELDS`',2,0.0027,'2009-02-28 18:25:39');
INSERT INTO `EBOOKVA`.`SQLLOG` VALUES   ('DESCRIBE `PRODUCTSFIELDS`',2,0.0018,'2009-02-28 18:25:39');
INSERT INTO `EBOOKVA`.`SQLLOG` VALUES   ('SELECT `PRODUCTSFIELDS`.* FROM `PRODUCTSFIELDS` WHERE (((`PRODUCTSFIELDS`.`PRODUCTSFIELDS_ID` = 4)))',32,0.0003,'2009-02-28 18:25:39');
INSERT INTO `EBOOKVA`.`SQLLOG` VALUES   ('UPDATE `PRODUCTSFIELDS` SET `PRODUCTSFIELDS_ID` = ?, `PRODUCTSFIELDS_ALIAS` = ?, `PRODUCTSFIELDS_TITLE` = ?, `PRODUCTSFIELDS_FIELDTYPE` = ? WHERE (PRODUCTSFIELDS_ID = 4)',8,0.0719,'2009-02-28 18:25:39');
INSERT INTO `EBOOKVA`.`SQLLOG` VALUES   ('connect',1,0.0019,'2009-02-28 18:25:39');
INSERT INTO `EBOOKVA`.`SQLLOG` VALUES   ('DESCRIBE `PRODUCTSFIELDS`',2,0.0023,'2009-02-28 18:25:39');
INSERT INTO `EBOOKVA`.`SQLLOG` VALUES   ('SELECT `PRODUCTSFIELDS`.`PRODUCTSFIELDS_ID`, `PRODUCTSFIELDS`.`PRODUCTSFIELDS_ALIAS`, `PRODUCTSFIELDS`.`PRODUCTSFIELDS_TITLE`, `PRODUCTSFIELDS`.`PRODUCTSFIELDS_FIELDTYPE` FROM `PRODUCTSFIELDS`',32,0.0006,'2009-02-28 18:25:39');
INSERT INTO `EBOOKVA`.`SQLLOG` VALUES   ('connect',1,0.0014,'2009-02-28 18:25:40');
INSERT INTO `EBOOKVA`.`SQLLOG` VALUES   ('DESCRIBE `CATEGORIES`',2,0.0036,'2009-02-28 18:25:40');
INSERT INTO `EBOOKVA`.`SQLLOG` VALUES   ('SELECT `CATEGORIES`.`CATEGORIES_ID`, `CATEGORIES`.`CATEGORIES_PARENTID`, `CATEGORIES`.`CATEGORIES_TITLE` FROM `CATEGORIES`',32,0.0006,'2009-02-28 18:25:40');
INSERT INTO `EBOOKVA`.`SQLLOG` VALUES   ('connect',1,0.0015,'2009-02-28 18:25:43');
INSERT INTO `EBOOKVA`.`SQLLOG` VALUES   ('DESCRIBE `CATEGORIES`',2,0.0034,'2009-02-28 18:25:43');
INSERT INTO `EBOOKVA`.`SQLLOG` VALUES   ('DESCRIBE `CATEGORIES`',2,0.0035,'2009-02-28 18:25:43');
INSERT INTO `EBOOKVA`.`SQLLOG` VALUES   ('SELECT `CATEGORIES`.* FROM `CATEGORIES` WHERE (((`CATEGORIES`.`CATEGORIES_ID` = 10)))',32,0.0006,'2009-02-28 18:25:43');
INSERT INTO `EBOOKVA`.`SQLLOG` VALUES   ('DESCRIBE `CATEGORIESFIELDS`',2,0.0048,'2009-02-28 18:25:43');
INSERT INTO `EBOOKVA`.`SQLLOG` VALUES   ('DESCRIBE `PRODUCTSFIELDS`',2,0.0035,'2009-02-28 18:25:43');
INSERT INTO `EBOOKVA`.`SQLLOG` VALUES   ('DESCRIBE `CATEGORIES`',2,0.0033,'2009-02-28 18:25:43');
INSERT INTO `EBOOKVA`.`SQLLOG` VALUES   ('DESCRIBE `CATEGORIES`',2,0.0034,'2009-02-28 18:25:43');
INSERT INTO `EBOOKVA`.`SQLLOG` VALUES   ('SELECT `CATEGORIES`.* FROM `CATEGORIES` WHERE (((`CATEGORIES`.`CATEGORIES_ID` = 10)))',32,0.0004,'2009-02-28 18:25:43');
INSERT INTO `EBOOKVA`.`SQLLOG` VALUES   ('DESCRIBE `CATEGORIES`',2,0.0063,'2009-02-28 18:25:43');
INSERT INTO `EBOOKVA`.`SQLLOG` VALUES   ('DESCRIBE `CATEGORIES`',2,0.0000,'2009-02-28 18:25:43');
INSERT INTO `EBOOKVA`.`SQLLOG` VALUES   ('SELECT `CATEGORIES`.* FROM `CATEGORIES` WHERE (((`CATEGORIES`.`CATEGORIES_ID` = 9)))',32,0.0371,'2009-02-28 18:25:43');
INSERT INTO `EBOOKVA`.`SQLLOG` VALUES   ('DESCRIBE `PRODUCTSFIELDS`',2,0.0000,'2009-02-28 18:25:43');
INSERT INTO `EBOOKVA`.`SQLLOG` VALUES   ('DESCRIBE `CATEGORIESFIELDS`',2,0.0002,'2009-02-28 18:25:43');
INSERT INTO `EBOOKVA`.`SQLLOG` VALUES   ('SELECT `fields`.*, `categoriesFields`.* FROM `PRODUCTSFIELDS` AS `fields`\n INNER JOIN `CATEGORIESFIELDS` AS `categoriesFields` ON categoriesFields.CATEGORIESFIELDS_FIELDID = fields.PRODUCTSFIELDS_ID WHERE (categoriesFields.CATEGORIESFIELDS_CATEGORYID in (',32,0.0000,'2009-02-28 18:25:43');
INSERT INTO `EBOOKVA`.`SQLLOG` VALUES   ('connect',1,0.0187,'2009-02-28 18:26:17');
INSERT INTO `EBOOKVA`.`SQLLOG` VALUES   ('DESCRIBE `CATEGORIES`',2,0.0022,'2009-02-28 18:26:17');
INSERT INTO `EBOOKVA`.`SQLLOG` VALUES   ('DESCRIBE `CATEGORIES`',2,0.0017,'2009-02-28 18:26:17');
INSERT INTO `EBOOKVA`.`SQLLOG` VALUES   ('SELECT `CATEGORIES`.* FROM `CATEGORIES` WHERE (((`CATEGORIES`.`CATEGORIES_ID` = 10)))',32,0.0003,'2009-02-28 18:26:17');
INSERT INTO `EBOOKVA`.`SQLLOG` VALUES   ('DESCRIBE `CATEGORIESFIELDS`',2,0.0019,'2009-02-28 18:26:17');
INSERT INTO `EBOOKVA`.`SQLLOG` VALUES   ('DESCRIBE `PRODUCTSFIELDS`',2,0.0017,'2009-02-28 18:26:17');
INSERT INTO `EBOOKVA`.`SQLLOG` VALUES   ('DESCRIBE `CATEGORIES`',2,0.0015,'2009-02-28 18:26:17');
INSERT INTO `EBOOKVA`.`SQLLOG` VALUES   ('DESCRIBE `CATEGORIES`',2,0.0019,'2009-02-28 18:26:17');
INSERT INTO `EBOOKVA`.`SQLLOG` VALUES   ('SELECT `CATEGORIES`.* FROM `CATEGORIES` WHERE (((`CATEGORIES`.`CATEGORIES_ID` = 10)))',32,0.0002,'2009-02-28 18:26:17');
INSERT INTO `EBOOKVA`.`SQLLOG` VALUES   ('DESCRIBE `CATEGORIES`',2,0.0000,'2009-02-28 18:26:17');
INSERT INTO `EBOOKVA`.`SQLLOG` VALUES   ('DESCRIBE `CATEGORIES`',2,0.0016,'2009-02-28 18:26:17');
INSERT INTO `EBOOKVA`.`SQLLOG` VALUES   ('SELECT `CATEGORIES`.* FROM `CATEGORIES` WHERE (((`CATEGORIES`.`CATEGORIES_ID` = 9)))',32,0.0000,'2009-02-28 18:26:17');
INSERT INTO `EBOOKVA`.`SQLLOG` VALUES   ('DESCRIBE `PRODUCTSFIELDS`',2,0.0000,'2009-02-28 18:26:17');
INSERT INTO `EBOOKVA`.`SQLLOG` VALUES   ('DESCRIBE `CATEGORIESFIELDS`',2,0.0000,'2009-02-28 18:26:17');
INSERT INTO `EBOOKVA`.`SQLLOG` VALUES   ('SELECT `fields`.*, `categoriesFields`.* FROM `PRODUCTSFIELDS` AS `fields`\n INNER JOIN `CATEGORIESFIELDS` AS `categoriesFields` ON categoriesFields.CATEGORIESFIELDS_FIELDID = fields.PRODUCTSFIELDS_ID WHERE (categoriesFields.CATEGORIESFIELDS_CATEGORYID in (',32,0.0000,'2009-02-28 18:26:17');
INSERT INTO `EBOOKVA`.`SQLLOG` VALUES   ('connect',1,0.0007,'2009-02-28 18:26:27');
INSERT INTO `EBOOKVA`.`SQLLOG` VALUES   ('DESCRIBE `CATEGORIES`',2,0.0020,'2009-02-28 18:26:27');
INSERT INTO `EBOOKVA`.`SQLLOG` VALUES   ('DESCRIBE `CATEGORIES`',2,0.0017,'2009-02-28 18:26:27');
INSERT INTO `EBOOKVA`.`SQLLOG` VALUES   ('SELECT `CATEGORIES`.* FROM `CATEGORIES` WHERE (((`CATEGORIES`.`CATEGORIES_ID` = 10)))',32,0.0004,'2009-02-28 18:26:27');
INSERT INTO `EBOOKVA`.`SQLLOG` VALUES   ('DESCRIBE `CATEGORIESFIELDS`',2,0.0022,'2009-02-28 18:26:27');
INSERT INTO `EBOOKVA`.`SQLLOG` VALUES   ('DESCRIBE `PRODUCTSFIELDS`',2,0.0005,'2009-02-28 18:26:27');
INSERT INTO `EBOOKVA`.`SQLLOG` VALUES   ('DESCRIBE `CATEGORIES`',2,0.0000,'2009-02-28 18:26:27');
INSERT INTO `EBOOKVA`.`SQLLOG` VALUES   ('DESCRIBE `CATEGORIES`',2,0.0000,'2009-02-28 18:26:27');
INSERT INTO `EBOOKVA`.`SQLLOG` VALUES   ('SELECT `CATEGORIES`.* FROM `CATEGORIES` WHERE (((`CATEGORIES`.`CATEGORIES_ID` = 10)))',32,0.0000,'2009-02-28 18:26:27');
INSERT INTO `EBOOKVA`.`SQLLOG` VALUES   ('DESCRIBE `CATEGORIES`',2,0.0000,'2009-02-28 18:26:27');
INSERT INTO `EBOOKVA`.`SQLLOG` VALUES   ('DESCRIBE `CATEGORIES`',2,0.0000,'2009-02-28 18:26:27');
INSERT INTO `EBOOKVA`.`SQLLOG` VALUES   ('SELECT `CATEGORIES`.* FROM `CATEGORIES` WHERE (((`CATEGORIES`.`CATEGORIES_ID` = 9)))',32,0.0000,'2009-02-28 18:26:27');
INSERT INTO `EBOOKVA`.`SQLLOG` VALUES   ('DESCRIBE `PRODUCTSFIELDS`',2,0.0000,'2009-02-28 18:26:27');
INSERT INTO `EBOOKVA`.`SQLLOG` VALUES   ('DESCRIBE `CATEGORIESFIELDS`',2,0.0231,'2009-02-28 18:26:27');
INSERT INTO `EBOOKVA`.`SQLLOG` VALUES   ('SELECT `fields`.*, `categoriesFields`.* FROM `PRODUCTSFIELDS` AS `fields`\n INNER JOIN `CATEGORIESFIELDS` AS `categoriesFields` ON categoriesFields.CATEGORIESFIELDS_FIELDID = fields.PRODUCTSFIELDS_ID WHERE (categoriesFields.CATEGORIESFIELDS_CATEGORYID in (',32,0.0000,'2009-02-28 18:26:27');
INSERT INTO `EBOOKVA`.`SQLLOG` VALUES   ('connect',1,0.0056,'2009-03-01 13:00:09');
INSERT INTO `EBOOKVA`.`SQLLOG` VALUES   ('DESCRIBE `CATEGORIES`',2,0.0075,'2009-03-01 13:00:09');
INSERT INTO `EBOOKVA`.`SQLLOG` VALUES   ('DESCRIBE `CATEGORIES`',2,0.0014,'2009-03-01 13:00:09');
INSERT INTO `EBOOKVA`.`SQLLOG` VALUES   ('SELECT `CATEGORIES`.* FROM `CATEGORIES` WHERE (((`CATEGORIES`.`CATEGORIES_ID` = 10)))',32,0.0005,'2009-03-01 13:00:09');
INSERT INTO `EBOOKVA`.`SQLLOG` VALUES   ('DESCRIBE `CATEGORIESFIELDS`',2,0.0018,'2009-03-01 13:00:09');
INSERT INTO `EBOOKVA`.`SQLLOG` VALUES   ('DESCRIBE `PRODUCTSFIELDS`',2,0.0014,'2009-03-01 13:00:09');
INSERT INTO `EBOOKVA`.`SQLLOG` VALUES   ('DESCRIBE `CATEGORIES`',2,0.0011,'2009-03-01 13:00:09');
INSERT INTO `EBOOKVA`.`SQLLOG` VALUES   ('DESCRIBE `CATEGORIES`',2,0.0012,'2009-03-01 13:00:09');
INSERT INTO `EBOOKVA`.`SQLLOG` VALUES   ('SELECT `CATEGORIES`.* FROM `CATEGORIES` WHERE (((`CATEGORIES`.`CATEGORIES_ID` = 10)))',32,0.0002,'2009-03-01 13:00:09');
INSERT INTO `EBOOKVA`.`SQLLOG` VALUES   ('DESCRIBE `CATEGORIES`',2,0.0013,'2009-03-01 13:00:09');
INSERT INTO `EBOOKVA`.`SQLLOG` VALUES   ('DESCRIBE `CATEGORIES`',2,0.0022,'2009-03-01 13:00:09');
INSERT INTO `EBOOKVA`.`SQLLOG` VALUES   ('SELECT `CATEGORIES`.* FROM `CATEGORIES` WHERE (((`CATEGORIES`.`CATEGORIES_ID` = 9)))',32,0.0003,'2009-03-01 13:00:09');
INSERT INTO `EBOOKVA`.`SQLLOG` VALUES   ('DESCRIBE `PRODUCTSFIELDS`',2,0.0012,'2009-03-01 13:00:09');
INSERT INTO `EBOOKVA`.`SQLLOG` VALUES   ('DESCRIBE `CATEGORIESFIELDS`',2,0.0012,'2009-03-01 13:00:09');
INSERT INTO `EBOOKVA`.`SQLLOG` VALUES   ('SELECT `fields`.*, `categoriesFields`.* FROM `PRODUCTSFIELDS` AS `fields`\n INNER JOIN `CATEGORIESFIELDS` AS `categoriesFields` ON categoriesFields.CATEGORIESFIELDS_FIELDID = fields.PRODUCTSFIELDS_ID WHERE (categoriesFields.CATEGORIESFIELDS_CATEGORYID in (',32,0.0003,'2009-03-01 13:00:09');
INSERT INTO `EBOOKVA`.`SQLLOG` VALUES   ('connect',1,0.0041,'2009-03-01 13:24:57');
INSERT INTO `EBOOKVA`.`SQLLOG` VALUES   ('DESCRIBE `CATEGORIES`',2,0.0018,'2009-03-01 13:24:57');
INSERT INTO `EBOOKVA`.`SQLLOG` VALUES   ('DESCRIBE `CATEGORIES`',2,0.0012,'2009-03-01 13:24:57');
INSERT INTO `EBOOKVA`.`SQLLOG` VALUES   ('SELECT `CATEGORIES`.* FROM `CATEGORIES` WHERE (((`CATEGORIES`.`CATEGORIES_ID` = 10)))',32,0.0000,'2009-03-01 13:24:57');
INSERT INTO `EBOOKVA`.`SQLLOG` VALUES   ('DESCRIBE `CATEGORIESFIELDS`',2,0.0000,'2009-03-01 13:24:57');
INSERT INTO `EBOOKVA`.`SQLLOG` VALUES   ('DESCRIBE `PRODUCTSFIELDS`',2,0.0000,'2009-03-01 13:24:57');
INSERT INTO `EBOOKVA`.`SQLLOG` VALUES   ('DESCRIBE `CATEGORIES`',2,0.0000,'2009-03-01 13:24:57');
INSERT INTO `EBOOKVA`.`SQLLOG` VALUES   ('DESCRIBE `CATEGORIES`',2,0.0000,'2009-03-01 13:24:57');
INSERT INTO `EBOOKVA`.`SQLLOG` VALUES   ('SELECT `CATEGORIES`.* FROM `CATEGORIES` WHERE (((`CATEGORIES`.`CATEGORIES_ID` = 10)))',32,0.0000,'2009-03-01 13:24:57');
INSERT INTO `EBOOKVA`.`SQLLOG` VALUES   ('DESCRIBE `CATEGORIES`',2,0.0000,'2009-03-01 13:24:57');
INSERT INTO `EBOOKVA`.`SQLLOG` VALUES   ('DESCRIBE `CATEGORIES`',2,0.0000,'2009-03-01 13:24:57');
INSERT INTO `EBOOKVA`.`SQLLOG` VALUES   ('SELECT `CATEGORIES`.* FROM `CATEGORIES` WHERE (((`CATEGORIES`.`CATEGORIES_ID` = 9)))',32,0.0000,'2009-03-01 13:24:57');
INSERT INTO `EBOOKVA`.`SQLLOG` VALUES   ('DESCRIBE `PRODUCTSFIELDS`',2,0.0000,'2009-03-01 13:24:57');
INSERT INTO `EBOOKVA`.`SQLLOG` VALUES   ('DESCRIBE `CATEGORIESFIELDS`',2,0.0204,'2009-03-01 13:24:57');
INSERT INTO `EBOOKVA`.`SQLLOG` VALUES   ('SELECT `fields`.*, `categoriesFields`.* FROM `PRODUCTSFIELDS` AS `fields`\n INNER JOIN `CATEGORIESFIELDS` AS `categoriesFields` ON categoriesFields.CATEGORIESFIELDS_FIELDID = fields.PRODUCTSFIELDS_ID WHERE (categoriesFields.CATEGORIESFIELDS_CATEGORYID in (',32,0.0005,'2009-03-01 13:24:57');
INSERT INTO `EBOOKVA`.`SQLLOG` VALUES   ('DESCRIBE `PRODUCTS`',2,0.0023,'2009-03-01 13:24:57');
INSERT INTO `EBOOKVA`.`SQLLOG` VALUES   ('DESCRIBE `CATEGORIESFIELDS`',2,0.0025,'2009-03-01 13:24:57');
INSERT INTO `EBOOKVA`.`SQLLOG` VALUES   ('DESCRIBE `PRODUCTSVALUES`',2,0.0021,'2009-03-01 13:24:57');
INSERT INTO `EBOOKVA`.`SQLLOG` VALUES   ('DESCRIBE `CATEGORIES`',2,0.0016,'2009-03-01 13:24:57');
INSERT INTO `EBOOKVA`.`SQLLOG` VALUES   ('DESCRIBE `CATEGORIES`',2,0.0013,'2009-03-01 13:24:57');
INSERT INTO `EBOOKVA`.`SQLLOG` VALUES   ('SELECT `CATEGORIES`.* FROM `CATEGORIES` WHERE (((`CATEGORIES`.`CATEGORIES_ID` = 10)))',32,0.0002,'2009-03-01 13:24:57');
INSERT INTO `EBOOKVA`.`SQLLOG` VALUES   ('DESCRIBE `CATEGORIES`',2,0.0015,'2009-03-01 13:24:57');
INSERT INTO `EBOOKVA`.`SQLLOG` VALUES   ('DESCRIBE `CATEGORIES`',2,0.0013,'2009-03-01 13:24:57');
INSERT INTO `EBOOKVA`.`SQLLOG` VALUES   ('SELECT `CATEGORIES`.* FROM `CATEGORIES` WHERE (((`CATEGORIES`.`CATEGORIES_ID` = 9)))',32,0.0003,'2009-03-01 13:24:57');
INSERT INTO `EBOOKVA`.`SQLLOG` VALUES   ('DESCRIBE `PRODUCTSFIELDS`',2,0.0017,'2009-03-01 13:24:57');
INSERT INTO `EBOOKVA`.`SQLLOG` VALUES   ('DESCRIBE `CATEGORIESFIELDS`',2,0.0015,'2009-03-01 13:24:57');
INSERT INTO `EBOOKVA`.`SQLLOG` VALUES   ('SELECT `fields`.*, `categoriesFields`.* FROM `PRODUCTSFIELDS` AS `fields`\n INNER JOIN `CATEGORIESFIELDS` AS `categoriesFields` ON categoriesFields.CATEGORIESFIELDS_FIELDID = fields.PRODUCTSFIELDS_ID WHERE (categoriesFields.CATEGORIESFIELDS_CATEGORYID in (',32,0.0003,'2009-03-01 13:24:57');
INSERT INTO `EBOOKVA`.`SQLLOG` VALUES   ('connect',1,0.0042,'2009-03-01 13:27:01');
INSERT INTO `EBOOKVA`.`SQLLOG` VALUES   ('DESCRIBE `CATEGORIES`',2,0.0000,'2009-03-01 13:27:01');
INSERT INTO `EBOOKVA`.`SQLLOG` VALUES   ('DESCRIBE `CATEGORIES`',2,0.0000,'2009-03-01 13:27:01');
INSERT INTO `EBOOKVA`.`SQLLOG` VALUES   ('SELECT `CATEGORIES`.* FROM `CATEGORIES` WHERE (((`CATEGORIES`.`CATEGORIES_ID` = 10)))',32,0.0000,'2009-03-01 13:27:01');
INSERT INTO `EBOOKVA`.`SQLLOG` VALUES   ('DESCRIBE `CATEGORIESFIELDS`',2,0.0000,'2009-03-01 13:27:01');
INSERT INTO `EBOOKVA`.`SQLLOG` VALUES   ('DESCRIBE `PRODUCTSFIELDS`',2,0.0171,'2009-03-01 13:27:01');
INSERT INTO `EBOOKVA`.`SQLLOG` VALUES   ('DESCRIBE `CATEGORIES`',2,0.0042,'2009-03-01 13:27:01');
INSERT INTO `EBOOKVA`.`SQLLOG` VALUES   ('DESCRIBE `CATEGORIES`',2,0.0018,'2009-03-01 13:27:01');
INSERT INTO `EBOOKVA`.`SQLLOG` VALUES   ('SELECT `CATEGORIES`.* FROM `CATEGORIES` WHERE (((`CATEGORIES`.`CATEGORIES_ID` = 10)))',32,0.0004,'2009-03-01 13:27:01');
INSERT INTO `EBOOKVA`.`SQLLOG` VALUES   ('DESCRIBE `CATEGORIES`',2,0.0012,'2009-03-01 13:27:01');
INSERT INTO `EBOOKVA`.`SQLLOG` VALUES   ('DESCRIBE `CATEGORIES`',2,0.0013,'2009-03-01 13:27:01');
INSERT INTO `EBOOKVA`.`SQLLOG` VALUES   ('SELECT `CATEGORIES`.* FROM `CATEGORIES` WHERE (((`CATEGORIES`.`CATEGORIES_ID` = 9)))',32,0.0003,'2009-03-01 13:27:01');
INSERT INTO `EBOOKVA`.`SQLLOG` VALUES   ('DESCRIBE `PRODUCTSFIELDS`',2,0.0016,'2009-03-01 13:27:01');
INSERT INTO `EBOOKVA`.`SQLLOG` VALUES   ('DESCRIBE `CATEGORIESFIELDS`',2,0.0015,'2009-03-01 13:27:01');
INSERT INTO `EBOOKVA`.`SQLLOG` VALUES   ('SELECT `fields`.*, `categoriesFields`.* FROM `PRODUCTSFIELDS` AS `fields`\n INNER JOIN `CATEGORIESFIELDS` AS `categoriesFields` ON categoriesFields.CATEGORIESFIELDS_FIELDID = fields.PRODUCTSFIELDS_ID WHERE (categoriesFields.CATEGORIESFIELDS_CATEGORYID in (',32,0.0003,'2009-03-01 13:27:01');
INSERT INTO `EBOOKVA`.`SQLLOG` VALUES   ('DESCRIBE `PRODUCTS`',2,0.0016,'2009-03-01 13:27:01');
INSERT INTO `EBOOKVA`.`SQLLOG` VALUES   ('DESCRIBE `CATEGORIESFIELDS`',2,0.0012,'2009-03-01 13:27:01');
INSERT INTO `EBOOKVA`.`SQLLOG` VALUES   ('DESCRIBE `PRODUCTSVALUES`',2,0.0012,'2009-03-01 13:27:01');
INSERT INTO `EBOOKVA`.`SQLLOG` VALUES   ('DESCRIBE `CATEGORIES`',2,0.0011,'2009-03-01 13:27:01');
INSERT INTO `EBOOKVA`.`SQLLOG` VALUES   ('DESCRIBE `CATEGORIES`',2,0.0012,'2009-03-01 13:27:01');
INSERT INTO `EBOOKVA`.`SQLLOG` VALUES   ('SELECT `CATEGORIES`.* FROM `CATEGORIES` WHERE (((`CATEGORIES`.`CATEGORIES_ID` = 10)))',32,0.0005,'2009-03-01 13:27:01');
INSERT INTO `EBOOKVA`.`SQLLOG` VALUES   ('DESCRIBE `CATEGORIES`',2,0.0013,'2009-03-01 13:27:01');
INSERT INTO `EBOOKVA`.`SQLLOG` VALUES   ('DESCRIBE `CATEGORIES`',2,0.0016,'2009-03-01 13:27:01');
INSERT INTO `EBOOKVA`.`SQLLOG` VALUES   ('SELECT `CATEGORIES`.* FROM `CATEGORIES` WHERE (((`CATEGORIES`.`CATEGORIES_ID` = 9)))',32,0.0003,'2009-03-01 13:27:01');
INSERT INTO `EBOOKVA`.`SQLLOG` VALUES   ('DESCRIBE `PRODUCTSFIELDS`',2,0.0005,'2009-03-01 13:27:01');
INSERT INTO `EBOOKVA`.`SQLLOG` VALUES   ('DESCRIBE `CATEGORIESFIELDS`',2,0.0011,'2009-03-01 13:27:01');
INSERT INTO `EBOOKVA`.`SQLLOG` VALUES   ('SELECT `fields`.*, `categoriesFields`.* FROM `PRODUCTSFIELDS` AS `fields`\n INNER JOIN `CATEGORIESFIELDS` AS `categoriesFields` ON categoriesFields.CATEGORIESFIELDS_FIELDID = fields.PRODUCTSFIELDS_ID WHERE (categoriesFields.CATEGORIESFIELDS_CATEGORYID in (',32,0.0002,'2009-03-01 13:27:01');
INSERT INTO `EBOOKVA`.`SQLLOG` VALUES   ('connect',1,0.0094,'2009-03-01 13:27:23');
INSERT INTO `EBOOKVA`.`SQLLOG` VALUES   ('DESCRIBE `CATEGORIES`',2,0.0026,'2009-03-01 13:27:23');
INSERT INTO `EBOOKVA`.`SQLLOG` VALUES   ('DESCRIBE `CATEGORIES`',2,0.0015,'2009-03-01 13:27:23');
INSERT INTO `EBOOKVA`.`SQLLOG` VALUES   ('SELECT `CATEGORIES`.* FROM `CATEGORIES` WHERE (((`CATEGORIES`.`CATEGORIES_ID` = 10)))',32,0.0235,'2009-03-01 13:27:23');
INSERT INTO `EBOOKVA`.`SQLLOG` VALUES   ('DESCRIBE `CATEGORIESFIELDS`',2,0.0244,'2009-03-01 13:27:23');
INSERT INTO `EBOOKVA`.`SQLLOG` VALUES   ('DESCRIBE `PRODUCTSFIELDS`',2,0.0003,'2009-03-01 13:27:23');
INSERT INTO `EBOOKVA`.`SQLLOG` VALUES   ('DESCRIBE `CATEGORIES`',2,0.0000,'2009-03-01 13:27:23');
INSERT INTO `EBOOKVA`.`SQLLOG` VALUES   ('DESCRIBE `CATEGORIES`',2,0.0197,'2009-03-01 13:27:23');
INSERT INTO `EBOOKVA`.`SQLLOG` VALUES   ('SELECT `CATEGORIES`.* FROM `CATEGORIES` WHERE (((`CATEGORIES`.`CATEGORIES_ID` = 10)))',32,0.0003,'2009-03-01 13:27:23');
INSERT INTO `EBOOKVA`.`SQLLOG` VALUES   ('DESCRIBE `CATEGORIES`',2,0.0017,'2009-03-01 13:27:23');
INSERT INTO `EBOOKVA`.`SQLLOG` VALUES   ('DESCRIBE `CATEGORIES`',2,0.0013,'2009-03-01 13:27:23');
INSERT INTO `EBOOKVA`.`SQLLOG` VALUES   ('SELECT `CATEGORIES`.* FROM `CATEGORIES` WHERE (((`CATEGORIES`.`CATEGORIES_ID` = 9)))',32,0.0003,'2009-03-01 13:27:23');
INSERT INTO `EBOOKVA`.`SQLLOG` VALUES   ('DESCRIBE `PRODUCTSFIELDS`',2,0.0020,'2009-03-01 13:27:23');
INSERT INTO `EBOOKVA`.`SQLLOG` VALUES   ('DESCRIBE `CATEGORIESFIELDS`',2,0.0012,'2009-03-01 13:27:23');
INSERT INTO `EBOOKVA`.`SQLLOG` VALUES   ('SELECT `fields`.*, `categoriesFields`.* FROM `PRODUCTSFIELDS` AS `fields`\n INNER JOIN `CATEGORIESFIELDS` AS `categoriesFields` ON categoriesFields.CATEGORIESFIELDS_FIELDID = fields.PRODUCTSFIELDS_ID WHERE (categoriesFields.CATEGORIESFIELDS_CATEGORYID in (',32,0.0156,'2009-03-01 13:27:23');
INSERT INTO `EBOOKVA`.`SQLLOG` VALUES   ('DESCRIBE `PRODUCTS`',2,0.0024,'2009-03-01 13:27:23');
INSERT INTO `EBOOKVA`.`SQLLOG` VALUES   ('DESCRIBE `CATEGORIESFIELDS`',2,0.0028,'2009-03-01 13:27:23');
INSERT INTO `EBOOKVA`.`SQLLOG` VALUES   ('DESCRIBE `PRODUCTSVALUES`',2,0.0006,'2009-03-01 13:27:23');
INSERT INTO `EBOOKVA`.`SQLLOG` VALUES   ('DESCRIBE `CATEGORIES`',2,0.0024,'2009-03-01 13:27:23');
INSERT INTO `EBOOKVA`.`SQLLOG` VALUES   ('DESCRIBE `CATEGORIES`',2,0.0122,'2009-03-01 13:27:23');
INSERT INTO `EBOOKVA`.`SQLLOG` VALUES   ('SELECT `CATEGORIES`.* FROM `CATEGORIES` WHERE (((`CATEGORIES`.`CATEGORIES_ID` = 10)))',32,0.0003,'2009-03-01 13:27:23');
INSERT INTO `EBOOKVA`.`SQLLOG` VALUES   ('DESCRIBE `CATEGORIES`',2,0.0025,'2009-03-01 13:27:23');
INSERT INTO `EBOOKVA`.`SQLLOG` VALUES   ('DESCRIBE `CATEGORIES`',2,0.0021,'2009-03-01 13:27:23');
INSERT INTO `EBOOKVA`.`SQLLOG` VALUES   ('SELECT `CATEGORIES`.* FROM `CATEGORIES` WHERE (((`CATEGORIES`.`CATEGORIES_ID` = 9)))',32,0.0079,'2009-03-01 13:27:23');
INSERT INTO `EBOOKVA`.`SQLLOG` VALUES   ('DESCRIBE `PRODUCTSFIELDS`',2,0.0016,'2009-03-01 13:27:23');
INSERT INTO `EBOOKVA`.`SQLLOG` VALUES   ('DESCRIBE `CATEGORIESFIELDS`',2,0.0038,'2009-03-01 13:27:23');
INSERT INTO `EBOOKVA`.`SQLLOG` VALUES   ('SELECT `fields`.*, `categoriesFields`.* FROM `PRODUCTSFIELDS` AS `fields`\n INNER JOIN `CATEGORIESFIELDS` AS `categoriesFields` ON categoriesFields.CATEGORIESFIELDS_FIELDID = fields.PRODUCTSFIELDS_ID WHERE (categoriesFields.CATEGORIESFIELDS_CATEGORYID in (',32,0.0026,'2009-03-01 13:27:23');
INSERT INTO `EBOOKVA`.`SQLLOG` VALUES   ('connect',1,0.0011,'2009-03-01 13:28:07');
INSERT INTO `EBOOKVA`.`SQLLOG` VALUES   ('DESCRIBE `CATEGORIES`',2,0.0024,'2009-03-01 13:28:07');
INSERT INTO `EBOOKVA`.`SQLLOG` VALUES   ('DESCRIBE `CATEGORIES`',2,0.0026,'2009-03-01 13:28:07');
INSERT INTO `EBOOKVA`.`SQLLOG` VALUES   ('SELECT `CATEGORIES`.* FROM `CATEGORIES` WHERE (((`CATEGORIES`.`CATEGORIES_ID` = 10)))',32,0.0003,'2009-03-01 13:28:07');
INSERT INTO `EBOOKVA`.`SQLLOG` VALUES   ('DESCRIBE `CATEGORIESFIELDS`',2,0.0035,'2009-03-01 13:28:07');
INSERT INTO `EBOOKVA`.`SQLLOG` VALUES   ('DESCRIBE `PRODUCTSFIELDS`',2,0.0014,'2009-03-01 13:28:07');
INSERT INTO `EBOOKVA`.`SQLLOG` VALUES   ('DESCRIBE `CATEGORIES`',2,0.0013,'2009-03-01 13:28:07');
INSERT INTO `EBOOKVA`.`SQLLOG` VALUES   ('DESCRIBE `CATEGORIES`',2,0.0013,'2009-03-01 13:28:07');
INSERT INTO `EBOOKVA`.`SQLLOG` VALUES   ('SELECT `CATEGORIES`.* FROM `CATEGORIES` WHERE (((`CATEGORIES`.`CATEGORIES_ID` = 10)))',32,0.0003,'2009-03-01 13:28:07');
INSERT INTO `EBOOKVA`.`SQLLOG` VALUES   ('DESCRIBE `CATEGORIES`',2,0.0013,'2009-03-01 13:28:07');
INSERT INTO `EBOOKVA`.`SQLLOG` VALUES   ('DESCRIBE `CATEGORIES`',2,0.0012,'2009-03-01 13:28:07');
INSERT INTO `EBOOKVA`.`SQLLOG` VALUES   ('SELECT `CATEGORIES`.* FROM `CATEGORIES` WHERE (((`CATEGORIES`.`CATEGORIES_ID` = 9)))',32,0.0004,'2009-03-01 13:28:07');
INSERT INTO `EBOOKVA`.`SQLLOG` VALUES   ('DESCRIBE `PRODUCTSFIELDS`',2,0.0008,'2009-03-01 13:28:07');
INSERT INTO `EBOOKVA`.`SQLLOG` VALUES   ('DESCRIBE `CATEGORIESFIELDS`',2,0.0000,'2009-03-01 13:28:07');
INSERT INTO `EBOOKVA`.`SQLLOG` VALUES   ('SELECT `fields`.*, `categoriesFields`.* FROM `PRODUCTSFIELDS` AS `fields`\n INNER JOIN `CATEGORIESFIELDS` AS `categoriesFields` ON categoriesFields.CATEGORIESFIELDS_FIELDID = fields.PRODUCTSFIELDS_ID WHERE (categoriesFields.CATEGORIESFIELDS_CATEGORYID in (',32,0.0004,'2009-03-01 13:28:07');
INSERT INTO `EBOOKVA`.`SQLLOG` VALUES   ('DESCRIBE `PRODUCTS`',2,0.0020,'2009-03-01 13:28:07');
INSERT INTO `EBOOKVA`.`SQLLOG` VALUES   ('DESCRIBE `CATEGORIESFIELDS`',2,0.0020,'2009-03-01 13:28:07');
INSERT INTO `EBOOKVA`.`SQLLOG` VALUES   ('DESCRIBE `PRODUCTSVALUES`',2,0.0023,'2009-03-01 13:28:07');
INSERT INTO `EBOOKVA`.`SQLLOG` VALUES   ('DESCRIBE `CATEGORIES`',2,0.0017,'2009-03-01 13:28:07');
INSERT INTO `EBOOKVA`.`SQLLOG` VALUES   ('DESCRIBE `CATEGORIES`',2,0.0019,'2009-03-01 13:28:07');
INSERT INTO `EBOOKVA`.`SQLLOG` VALUES   ('SELECT `CATEGORIES`.* FROM `CATEGORIES` WHERE (((`CATEGORIES`.`CATEGORIES_ID` = 10)))',32,0.0002,'2009-03-01 13:28:07');
INSERT INTO `EBOOKVA`.`SQLLOG` VALUES   ('DESCRIBE `CATEGORIES`',2,0.0017,'2009-03-01 13:28:07');
INSERT INTO `EBOOKVA`.`SQLLOG` VALUES   ('DESCRIBE `CATEGORIES`',2,0.0023,'2009-03-01 13:28:07');
INSERT INTO `EBOOKVA`.`SQLLOG` VALUES   ('SELECT `CATEGORIES`.* FROM `CATEGORIES` WHERE (((`CATEGORIES`.`CATEGORIES_ID` = 9)))',32,0.0003,'2009-03-01 13:28:07');
INSERT INTO `EBOOKVA`.`SQLLOG` VALUES   ('DESCRIBE `PRODUCTSFIELDS`',2,0.0019,'2009-03-01 13:28:07');
INSERT INTO `EBOOKVA`.`SQLLOG` VALUES   ('DESCRIBE `CATEGORIESFIELDS`',2,0.0017,'2009-03-01 13:28:07');
INSERT INTO `EBOOKVA`.`SQLLOG` VALUES   ('SELECT `fields`.*, `categoriesFields`.* FROM `PRODUCTSFIELDS` AS `fields`\n INNER JOIN `CATEGORIESFIELDS` AS `categoriesFields` ON categoriesFields.CATEGORIESFIELDS_FIELDID = fields.PRODUCTSFIELDS_ID WHERE (categoriesFields.CATEGORIESFIELDS_CATEGORYID in (',32,0.0002,'2009-03-01 13:28:07');
INSERT INTO `EBOOKVA`.`SQLLOG` VALUES   ('DESCRIBE `PRODUCTSFIELDS`',2,0.0016,'2009-03-01 13:28:07');
INSERT INTO `EBOOKVA`.`SQLLOG` VALUES   ('connect',1,0.0065,'2009-03-01 13:28:36');
INSERT INTO `EBOOKVA`.`SQLLOG` VALUES   ('DESCRIBE `CATEGORIES`',2,0.0027,'2009-03-01 13:28:36');
INSERT INTO `EBOOKVA`.`SQLLOG` VALUES   ('DESCRIBE `CATEGORIES`',2,0.0055,'2009-03-01 13:28:36');
INSERT INTO `EBOOKVA`.`SQLLOG` VALUES   ('SELECT `CATEGORIES`.* FROM `CATEGORIES` WHERE (((`CATEGORIES`.`CATEGORIES_ID` = 10)))',32,0.0003,'2009-03-01 13:28:36');
INSERT INTO `EBOOKVA`.`SQLLOG` VALUES   ('DESCRIBE `CATEGORIESFIELDS`',2,0.0023,'2009-03-01 13:28:36');
INSERT INTO `EBOOKVA`.`SQLLOG` VALUES   ('DESCRIBE `PRODUCTSFIELDS`',2,0.0032,'2009-03-01 13:28:36');
INSERT INTO `EBOOKVA`.`SQLLOG` VALUES   ('DESCRIBE `CATEGORIES`',2,0.0011,'2009-03-01 13:28:36');
INSERT INTO `EBOOKVA`.`SQLLOG` VALUES   ('DESCRIBE `CATEGORIES`',2,0.0017,'2009-03-01 13:28:36');
INSERT INTO `EBOOKVA`.`SQLLOG` VALUES   ('SELECT `CATEGORIES`.* FROM `CATEGORIES` WHERE (((`CATEGORIES`.`CATEGORIES_ID` = 10)))',32,0.0008,'2009-03-01 13:28:36');
INSERT INTO `EBOOKVA`.`SQLLOG` VALUES   ('DESCRIBE `CATEGORIES`',2,0.0017,'2009-03-01 13:28:36');
INSERT INTO `EBOOKVA`.`SQLLOG` VALUES   ('DESCRIBE `CATEGORIES`',2,0.0017,'2009-03-01 13:28:36');
INSERT INTO `EBOOKVA`.`SQLLOG` VALUES   ('SELECT `CATEGORIES`.* FROM `CATEGORIES` WHERE (((`CATEGORIES`.`CATEGORIES_ID` = 9)))',32,0.0019,'2009-03-01 13:28:36');
INSERT INTO `EBOOKVA`.`SQLLOG` VALUES   ('DESCRIBE `PRODUCTSFIELDS`',2,0.0000,'2009-03-01 13:28:36');
INSERT INTO `EBOOKVA`.`SQLLOG` VALUES   ('DESCRIBE `CATEGORIESFIELDS`',2,0.0049,'2009-03-01 13:28:36');
INSERT INTO `EBOOKVA`.`SQLLOG` VALUES   ('SELECT `fields`.*, `categoriesFields`.* FROM `PRODUCTSFIELDS` AS `fields`\n INNER JOIN `CATEGORIESFIELDS` AS `categoriesFields` ON categoriesFields.CATEGORIESFIELDS_FIELDID = fields.PRODUCTSFIELDS_ID WHERE (categoriesFields.CATEGORIESFIELDS_CATEGORYID in (',32,0.0000,'2009-03-01 13:28:36');
INSERT INTO `EBOOKVA`.`SQLLOG` VALUES   ('DESCRIBE `PRODUCTS`',2,0.0000,'2009-03-01 13:28:36');
INSERT INTO `EBOOKVA`.`SQLLOG` VALUES   ('DESCRIBE `CATEGORIESFIELDS`',2,0.0000,'2009-03-01 13:28:36');
INSERT INTO `EBOOKVA`.`SQLLOG` VALUES   ('DESCRIBE `PRODUCTSVALUES`',2,0.0000,'2009-03-01 13:28:36');
INSERT INTO `EBOOKVA`.`SQLLOG` VALUES   ('DESCRIBE `CATEGORIES`',2,0.0000,'2009-03-01 13:28:36');
INSERT INTO `EBOOKVA`.`SQLLOG` VALUES   ('DESCRIBE `CATEGORIES`',2,0.0000,'2009-03-01 13:28:36');
INSERT INTO `EBOOKVA`.`SQLLOG` VALUES   ('SELECT `CATEGORIES`.* FROM `CATEGORIES` WHERE (((`CATEGORIES`.`CATEGORIES_ID` = 10)))',32,0.0000,'2009-03-01 13:28:36');
INSERT INTO `EBOOKVA`.`SQLLOG` VALUES   ('DESCRIBE `CATEGORIES`',2,0.0000,'2009-03-01 13:28:36');
INSERT INTO `EBOOKVA`.`SQLLOG` VALUES   ('DESCRIBE `CATEGORIES`',2,0.0000,'2009-03-01 13:28:36');
INSERT INTO `EBOOKVA`.`SQLLOG` VALUES   ('SELECT `CATEGORIES`.* FROM `CATEGORIES` WHERE (((`CATEGORIES`.`CATEGORIES_ID` = 9)))',32,0.0000,'2009-03-01 13:28:36');
INSERT INTO `EBOOKVA`.`SQLLOG` VALUES   ('DESCRIBE `PRODUCTSFIELDS`',2,0.0000,'2009-03-01 13:28:36');
INSERT INTO `EBOOKVA`.`SQLLOG` VALUES   ('DESCRIBE `CATEGORIESFIELDS`',2,0.0000,'2009-03-01 13:28:36');
INSERT INTO `EBOOKVA`.`SQLLOG` VALUES   ('SELECT `fields`.*, `categoriesFields`.* FROM `PRODUCTSFIELDS` AS `fields`\n INNER JOIN `CATEGORIESFIELDS` AS `categoriesFields` ON categoriesFields.CATEGORIESFIELDS_FIELDID = fields.PRODUCTSFIELDS_ID WHERE (categoriesFields.CATEGORIESFIELDS_CATEGORYID in (',32,0.0003,'2009-03-01 13:28:36');
INSERT INTO `EBOOKVA`.`SQLLOG` VALUES   ('DESCRIBE `PRODUCTSFIELDS`',2,0.0019,'2009-03-01 13:28:36');
INSERT INTO `EBOOKVA`.`SQLLOG` VALUES   ('connect',1,0.0019,'2009-03-01 13:43:55');
INSERT INTO `EBOOKVA`.`SQLLOG` VALUES   ('DESCRIBE `CATEGORIES`',2,0.0024,'2009-03-01 13:43:55');
INSERT INTO `EBOOKVA`.`SQLLOG` VALUES   ('DESCRIBE `CATEGORIES`',2,0.0014,'2009-03-01 13:43:55');
INSERT INTO `EBOOKVA`.`SQLLOG` VALUES   ('SELECT `CATEGORIES`.* FROM `CATEGORIES` WHERE (((`CATEGORIES`.`CATEGORIES_ID` = 10)))',32,0.0003,'2009-03-01 13:43:55');
INSERT INTO `EBOOKVA`.`SQLLOG` VALUES   ('DESCRIBE `CATEGORIESFIELDS`',2,0.0022,'2009-03-01 13:43:55');
INSERT INTO `EBOOKVA`.`SQLLOG` VALUES   ('DESCRIBE `PRODUCTSFIELDS`',2,0.0016,'2009-03-01 13:43:55');
INSERT INTO `EBOOKVA`.`SQLLOG` VALUES   ('DESCRIBE `CATEGORIES`',2,0.0015,'2009-03-01 13:43:55');
INSERT INTO `EBOOKVA`.`SQLLOG` VALUES   ('DESCRIBE `CATEGORIES`',2,0.0015,'2009-03-01 13:43:55');
INSERT INTO `EBOOKVA`.`SQLLOG` VALUES   ('SELECT `CATEGORIES`.* FROM `CATEGORIES` WHERE (((`CATEGORIES`.`CATEGORIES_ID` = 10)))',32,0.0002,'2009-03-01 13:43:55');
INSERT INTO `EBOOKVA`.`SQLLOG` VALUES   ('DESCRIBE `CATEGORIES`',2,0.0014,'2009-03-01 13:43:55');
INSERT INTO `EBOOKVA`.`SQLLOG` VALUES   ('DESCRIBE `CATEGORIES`',2,0.0037,'2009-03-01 13:43:55');
INSERT INTO `EBOOKVA`.`SQLLOG` VALUES   ('SELECT `CATEGORIES`.* FROM `CATEGORIES` WHERE (((`CATEGORIES`.`CATEGORIES_ID` = 9)))',32,0.0002,'2009-03-01 13:43:55');
INSERT INTO `EBOOKVA`.`SQLLOG` VALUES   ('DESCRIBE `PRODUCTSFIELDS`',2,0.0019,'2009-03-01 13:43:55');
INSERT INTO `EBOOKVA`.`SQLLOG` VALUES   ('DESCRIBE `CATEGORIESFIELDS`',2,0.0026,'2009-03-01 13:43:55');
INSERT INTO `EBOOKVA`.`SQLLOG` VALUES   ('SELECT `fields`.*, `categoriesFields`.* FROM `PRODUCTSFIELDS` AS `fields`\n INNER JOIN `CATEGORIESFIELDS` AS `categoriesFields` ON categoriesFields.CATEGORIESFIELDS_FIELDID = fields.PRODUCTSFIELDS_ID WHERE (categoriesFields.CATEGORIESFIELDS_CATEGORYID in (',32,0.0004,'2009-03-01 13:43:55');
INSERT INTO `EBOOKVA`.`SQLLOG` VALUES   ('DESCRIBE `PRODUCTS`',2,0.0033,'2009-03-01 13:43:55');
INSERT INTO `EBOOKVA`.`SQLLOG` VALUES   ('DESCRIBE `CATEGORIESFIELDS`',2,0.0026,'2009-03-01 13:43:55');
INSERT INTO `EBOOKVA`.`SQLLOG` VALUES   ('DESCRIBE `PRODUCTSVALUES`',2,0.0014,'2009-03-01 13:43:55');



/*!40101 SET SQL_MODE=@OLD_SQL_MODE */;
/*!40014 SET FOREIGN_KEY_CHECKS=@OLD_FOREIGN_KEY_CHECKS */;
/*!40014 SET UNIQUE_CHECKS=@OLD_UNIQUE_CHECKS */;
/*!40101 SET CHARACTER_SET_CLIENT=@OLD_CHARACTER_SET_CLIENT */;
/*!40101 SET CHARACTER_SET_RESULTS=@OLD_CHARACTER_SET_RESULTS */;
/*!40101 SET COLLATION_CONNECTION=@OLD_COLLATION_CONNECTION */;
/*!40101 SET CHARACTER_SET_CLIENT=@OLD_CHARACTER_SET_CLIENT */;
